age,sex,height_cm,weight_kg,body_fat_pct,activity_level,resting_hr,steps_per_day,tdee_kcal
60,male,167.8,79.6,26.7,moderate,75,10031,2646
20,female,157.4,63.6,26.0,light,76,7036,2069
37,female,167.9,68.3,22.2,very,64,16598,2927
39,male,173.0,60.6,14.1,light,64,4253,2104
56,male,170.9,92.9,9.2,light,63,5671,2487
24,female,169.9,45.0,21.4,athlete,84,9278,2664
38,male,170.5,61.2,16.6,light,70,7005,2207
25,female,165.1,85.5,32.8,light,73,7526,2525
55,male,173.3,77.2,23.4,sedentary,71,1805,1858
48,male,169.9,100.9,17.6,sedentary,64,4722,2245
41,female,157.2,55.7,27.0,very,79,10202,2520
36,female,156.0,63.2,28.9,light,78,5383,1749
25,female,155.7,71.3,28.8,athlete,78,15358,3118
62,female,158.3,56.8,25.1,sedentary,68,4913,1636
49,female,155.8,80.9,26.0,moderate,66,7283,2350
33,female,152.6,65.8,26.4,moderate,62,9582,2415
37,female,163.3,69.6,27.0,moderate,62,10549,2506
52,male,175.7,75.6,17.2,moderate,67,10136,2782
52,female,172.2,71.6,31.6,moderate,73,10210,2419
40,male,165.6,93.7,17.3,moderate,53,10523,2858
32,female,163.8,63.7,20.1,very,73,10613,2597
49,male,161.7,73.3,17.4,light,64,9038,2362
49,male,176.5,71.2,14.6,light,56,5799,2363
46,female,166.5,72.6,14.3,moderate,60,8512,2634
21,female,166.7,69.9,14.3,light,67,8425,2308
40,female,164.0,54.3,30.5,sedentary,63,2243,1579
47,male,171.1,96.0,24.1,athlete,75,15960,4000
63,female,159.9,65.1,17.4,sedentary,85,2132,1527
43,female,153.8,56.5,25.6,light,56,10534,1889
34,male,169.5,48.3,22.8,moderate,61,13617,2535
44,male,173.0,84.8,22.6,sedentary,68,2867,2108
26,male,176.4,76.1,22.0,sedentary,73,3623,2239
22,male,169.6,72.2,19.5,sedentary,74,3006,2086
50,female,169.2,64.1,18.4,sedentary,75,2581,1685
65,female,156.6,61.3,23.2,light,84,6215,1606
58,male,177.7,52.5,20.1,very,64,11898,2702
46,female,155.8,58.6,18.2,light,68,3262,1860
19,female,160.2,91.6,29.7,light,62,6473,2455
65,male,181.8,74.2,21.5,moderate,73,8915,2867
39,female,165.6,59.2,22.5,light,64,6561,1960
31,male,177.7,60.4,26.1,light,64,5860,2321
60,female,168.1,85.4,24.2,light,68,5351,2157
53,female,160.5,51.8,30.0,light,87,7574,1702
53,male,171.3,80.4,23.6,light,59,6959,2231
31,male,190.5,61.4,17.1,sedentary,61,4675,2214
65,female,163.5,68.3,23.1,very,87,13236,2720
39,male,170.3,77.4,22.5,athlete,69,14407,3612
43,female,163.6,77.2,17.6,very,72,13541,2907
54,female,175.4,60.5,16.7,sedentary,72,623,1525
49,female,170.6,66.9,26.1,moderate,72,13207,2573
26,female,160.2,46.4,20.5,moderate,70,9548,2102
32,male,174.3,66.0,25.3,sedentary,50,5621,2108
35,male,167.2,60.9,10.1,very,68,9826,2699
63,male,183.3,75.7,9.5,moderate,65,6764,2619
52,male,179.4,82.9,21.8,sedentary,56,3438,2174
35,male,166.1,58.3,22.3,athlete,64,16087,3331
53,female,163.5,48.0,26.8,sedentary,63,3405,1487
53,male,179.6,87.2,20.0,light,79,6334,2417
36,female,172.3,52.7,9.1,sedentary,68,2246,1436
37,female,163.0,56.5,18.2,sedentary,66,1217,1580
60,female,161.3,76.5,24.2,athlete,79,15849,2895
44,female,171.1,70.9,27.2,moderate,68,6434,2448
25,male,170.4,59.9,22.5,light,67,3521,2065
52,female,160.1,80.6,24.7,moderate,71,8238,2385
46,male,178.3,76.0,17.0,very,64,13076,3235
42,male,175.1,76.8,16.8,very,67,16969,3417
52,female,164.2,50.3,24.9,very,58,14448,2243
61,male,175.9,76.2,18.0,very,72,15583,2965
33,male,174.5,85.4,15.3,moderate,62,10307,3092
38,male,165.7,62.0,24.2,light,64,6660,2274
27,female,156.2,71.1,30.2,very,57,18264,3049
49,male,179.0,79.1,16.5,sedentary,66,1412,2009
37,male,156.8,70.3,10.0,sedentary,70,2504,1956
34,male,176.4,88.3,14.4,light,67,5396,2713
51,female,163.2,66.3,21.8,light,71,7608,2103
37,male,184.2,82.2,19.6,moderate,62,7042,2984
40,male,171.5,97.4,21.0,very,56,13908,3438
39,male,179.6,95.3,20.8,light,53,7043,2797
30,female,165.6,67.0,29.1,moderate,63,10626,2489
24,female,157.7,73.4,12.5,light,78,7431,2253
57,female,163.0,48.7,34.5,moderate,79,12076,1852
22,male,171.8,74.4,12.7,sedentary,74,2940,2112
33,male,182.0,84.5,14.5,sedentary,58,3636,2383
50,female,157.8,67.8,12.8,moderate,75,7526,2158
24,female,161.0,81.4,26.5,moderate,59,7070,2567
49,female,162.6,60.3,21.6,light,69,9176,2133
53,male,179.6,77.3,25.7,light,76,4538,2278
49,male,188.4,61.9,20.5,sedentary,70,3769,2104
32,female,153.3,45.0,27.2,moderate,54,10062,2089
18,female,156.2,59.8,18.6,light,71,8114,2040
60,male,168.0,77.3,9.8,light,54,3015,2188
33,female,161.0,45.0,23.9,very,84,14228,2373
56,female,158.6,55.2,28.0,moderate,63,8883,1994
27,male,175.7,88.0,14.2,light,64,4920,2629
25,female,162.4,75.0,25.9,moderate,68,8498,2505
55,male,180.4,69.2,17.5,sedentary,54,4244,1951
63,male,166.4,73.2,17.0,sedentary,68,3877,1838
59,female,164.4,67.2,40.7,moderate,75,8744,2158
54,female,158.8,70.6,34.9,sedentary,59,1633,1345
29,male,177.6,76.8,23.0,light,60,4076,2522
61,female,164.3,66.2,25.4,very,63,13882,2472
50,male,171.5,71.6,13.8,moderate,61,6444,2398
26,female,166.3,77.6,23.9,very,85,11704,2946
24,male,170.8,75.2,14.0,very,68,18702,3463
59,female,161.4,78.8,23.4,light,67,6827,2176
31,female,163.5,60.9,28.3,moderate,58,10484,2299
54,female,168.4,55.5,18.1,light,71,4090,1806
24,female,158.1,77.8,32.1,moderate,79,6545,2636
31,male,177.7,84.0,20.1,light,61,7432,2635
31,female,163.1,68.3,19.4,sedentary,68,2661,1738
31,male,173.8,82.2,21.4,sedentary,67,4408,2415
50,female,157.1,69.3,15.7,moderate,72,9286,2259
61,female,161.6,54.1,21.7,sedentary,77,7267,1558
61,male,178.7,64.2,18.8,moderate,73,8055,2462
53,female,150.0,78.8,37.9,very,50,12972,2699
27,female,160.7,81.3,20.9,moderate,69,7411,2576
64,male,165.2,62.0,18.7,light,83,8037,1897
44,male,161.2,87.5,19.8,light,71,6972,2467
44,male,173.2,81.5,9.2,very,77,9847,3079
51,male,175.4,79.0,12.4,moderate,60,8565,2804
54,male,166.0,46.9,8.0,light,73,8649,1875
63,female,150.0,64.4,33.4,very,57,15379,2416
45,female,159.1,79.1,26.1,light,60,3634,2038
47,male,159.9,102.6,20.0,light,81,5341,2504
53,female,158.9,89.8,34.7,sedentary,66,5305,1868
30,female,168.6,57.7,22.8,sedentary,72,2919,1733
32,male,177.7,51.6,16.9,light,57,6510,2333
48,female,162.5,77.2,22.5,moderate,68,11253,2397
21,female,159.8,53.0,17.5,light,67,3782,1740
33,female,168.2,63.0,22.2,moderate,71,7320,2515
52,female,161.9,64.3,23.6,very,75,11440,2471
64,female,157.1,75.4,29.4,very,84,15261,2631
42,male,171.7,86.5,17.6,sedentary,59,4343,2137
37,female,159.4,69.6,17.4,moderate,66,10639,2426
39,female,166.5,61.0,15.4,sedentary,65,2953,1814
50,male,176.4,80.6,11.6,moderate,60,11459,2948
44,female,162.4,105.3,25.4,light,76,5905,2602
19,male,175.9,74.0,19.0,moderate,58,10355,3025
43,male,180.7,71.8,15.5,light,71,7821,2383
37,male,175.7,83.6,21.9,moderate,56,12593,3028
51,female,151.4,58.6,33.3,sedentary,72,3052,1320
60,male,181.1,89.9,23.3,sedentary,67,2684,2185
64,male,169.4,67.9,16.2,moderate,77,11790,2681
47,male,162.3,90.0,33.2,light,64,8649,2592
35,female,160.7,82.8,20.3,moderate,82,8113,2532
39,female,165.4,77.5,24.9,moderate,76,6989,2382
26,male,163.0,69.5,12.9,moderate,50,11638,2847
62,male,170.0,71.3,16.9,moderate,55,5916,2333
58,female,173.1,78.4,26.0,moderate,55,5814,2254
58,male,173.0,81.7,19.5,very,59,11579,3221
33,female,166.7,47.7,28.3,sedentary,71,3122,1497
33,male,184.8,74.9,18.8,moderate,71,6880,2879
59,female,169.7,75.3,25.1,moderate,54,9443,2370
44,male,169.4,93.7,16.1,light,66,6479,2715
51,male,176.5,69.3,21.0,light,59,5135,2297
41,female,165.4,63.9,32.7,light,74,9660,2012
39,male,178.5,75.4,12.6,moderate,69,9859,2829
48,female,158.1,59.8,27.7,light,76,8031,1852
57,female,165.3,56.7,22.1,moderate,69,6087,2001
34,female,157.1,72.3,26.7,moderate,76,6070,2308
56,female,158.3,60.3,20.4,moderate,68,9920,2071
29,female,168.8,70.4,14.7,light,71,9338,2283
37,male,175.8,64.5,15.6,moderate,74,6980,2629
61,male,176.5,72.2,29.2,moderate,75,9286,2565
63,male,180.4,72.8,20.1,sedentary,67,1517,2010
62,female,158.1,67.5,27.4,light,78,4706,1733
33,male,175.3,90.0,16.2,light,61,6347,2728
58,male,169.3,89.3,14.0,very,50,10768,2992
62,male,175.5,74.8,22.0,light,54,3650,2205
64,male,174.8,74.6,9.8,sedentary,63,1406,1760
19,male,176.4,60.6,11.3,sedentary,64,736,1866
53,male,190.4,87.4,15.0,sedentary,76,3571,2514
65,female,160.2,78.2,25.9,light,74,7075,2021
54,female,160.7,73.6,25.3,moderate,75,10185,2458
29,female,156.1,58.1,25.6,light,83,4363,1937
54,male,175.7,76.3,20.6,very,61,14514,3287
23,female,157.4,62.9,22.4,sedentary,83,3848,1700
41,male,172.4,88.7,22.0,light,71,6013,2767
48,female,161.6,55.4,22.0,moderate,75,8686,2147
39,female,155.7,71.4,24.1,moderate,75,7701,2299
51,female,158.3,71.5,20.3,very,67,12480,2624
29,male,176.7,65.3,13.0,light,50,8911,2478
47,male,180.9,53.0,17.7,moderate,75,11275,2561
48,female,155.9,69.5,23.7,moderate,75,8487,2217
48,male,183.8,95.4,19.2,sedentary,64,3646,2389
31,male,174.3,98.1,22.7,very,50,9246,3764
32,male,172.7,82.3,22.2,light,61,7314,2501
30,male,193.9,101.5,19.0,sedentary,75,2002,2673
40,male,177.8,77.5,15.8,moderate,61,10380,2895
46,male,170.0,89.4,18.5,moderate,70,14938,3259
35,female,151.0,63.8,31.3,very,86,10574,2432
37,female,162.6,64.6,24.7,very,69,19307,2891
31,female,174.0,62.6,11.4,light,83,6883,2111
28,male,172.4,53.3,18.9,moderate,57,7500,2339
49,female,151.6,71.3,22.6,athlete,69,12613,2937
57,male,174.6,70.3,14.5,light,77,10256,2295
31,male,180.1,68.4,23.1,light,68,6887,2497
59,male,169.1,63.8,21.8,very,64,10584,2636
45,male,167.5,75.5,21.8,sedentary,83,2755,1848
26,female,157.9,68.5,13.9,very,80,13076,2754
35,male,179.2,103.1,23.2,light,71,5984,2844
18,female,164.2,63.1,23.5,very,69,12864,2694
19,male,169.3,73.7,19.4,moderate,70,12547,3017
34,female,168.3,65.4,18.2,moderate,76,6744,2185
39,male,169.8,89.9,22.5,moderate,50,10289,3064
56,male,171.3,81.4,13.5,sedentary,68,2912,2007
24,female,154.0,80.8,25.8,moderate,89,8001,2302
58,female,165.2,53.4,21.5,very,65,14680,2313
29,male,179.4,72.3,9.3,athlete,63,10615,3603
24,female,160.6,86.9,18.4,athlete,74,7900,3155
51,male,183.7,84.6,13.2,moderate,50,9449,3038
55,female,155.2,64.7,25.1,moderate,71,8723,2135
47,female,155.9,53.7,26.4,moderate,85,6294,1815
23,male,169.8,77.2,18.2,moderate,50,5578,2837
23,female,165.0,60.9,24.5,moderate,76,12861,2583
36,male,169.0,93.9,17.7,sedentary,72,3555,2204
39,male,167.5,55.8,17.7,sedentary,62,3023,1768
65,male,172.9,74.2,15.8,moderate,74,13390,2846
31,male,166.5,63.6,14.1,light,73,7839,2248
27,female,155.6,69.9,18.7,light,71,9184,2212
63,male,175.4,80.9,8.0,sedentary,63,1584,1854
25,male,178.4,68.8,17.0,very,61,8956,3155
19,female,164.0,63.4,17.7,athlete,73,16851,3216
38,male,179.2,46.7,20.1,moderate,53,9828,2228
37,female,157.3,83.4,30.5,very,70,15124,2937
47,male,189.8,78.4,15.5,very,59,7923,3284
60,female,162.5,48.9,16.2,light,62,7266,1675
62,female,153.5,69.2,28.6,sedentary,67,4187,1490
31,female,176.1,70.5,23.3,light,50,7685,2168
65,male,162.8,90.1,12.1,sedentary,71,2511,2057
48,male,175.1,60.6,15.6,moderate,62,10037,2540
21,female,164.4,82.6,26.8,light,73,4603,2375
63,male,171.7,78.8,12.0,very,63,11267,3052
24,female,157.6,71.6,27.9,moderate,74,6914,2364
46,male,178.8,75.2,18.0,light,80,4634,2508
55,female,168.0,71.0,32.8,athlete,76,14277,2885
29,female,166.9,82.1,27.5,athlete,68,13527,3485
30,male,168.0,62.1,15.9,moderate,68,7482,2722
40,male,175.3,75.3,20.2,moderate,62,6400,2860
60,female,169.7,76.1,38.4,athlete,93,20883,3192
28,male,162.0,76.3,20.6,moderate,56,7998,3038
49,female,163.7,66.6,28.3,very,72,12824,2614
39,male,175.1,84.6,15.1,sedentary,72,889,2152
23,female,150.0,54.7,25.5,moderate,61,11715,2222
52,female,163.9,65.5,16.0,moderate,55,9334,2118
57,male,171.2,95.9,12.3,sedentary,52,2467,2302
45,female,150.1,48.0,25.3,sedentary,76,2477,1255
26,male,175.6,79.7,15.2,sedentary,53,4043,2337
25,female,174.7,56.8,14.2,light,67,684,2026
38,male,182.6,77.2,26.8,sedentary,68,2010,2195
42,male,172.9,58.4,14.0,light,65,5785,2112
44,male,171.8,94.9,16.8,very,66,11673,3435
29,male,178.1,68.7,26.2,moderate,64,14010,2726
42,male,179.3,90.3,17.3,moderate,56,8324,3057
32,female,159.9,77.7,19.4,sedentary,72,4188,1953
50,male,180.5,70.5,11.9,very,63,16529,3212
56,female,163.8,63.5,21.2,sedentary,59,3804,1516
49,male,184.0,89.9,17.2,light,69,4787,2602
18,male,187.4,80.5,19.8,moderate,61,6431,3246
65,female,161.3,52.1,20.3,very,67,13863,2210
19,female,170.3,69.1,22.1,athlete,83,19935,3632
65,male,175.1,77.9,18.1,moderate,72,10091,2653
19,male,174.3,70.1,8.8,moderate,66,11466,3001
42,female,172.3,73.4,21.8,moderate,63,14183,2614
23,female,159.7,70.3,18.6,moderate,55,10674,2736
22,female,171.7,52.5,25.5,sedentary,58,1679,1661
50,male,169.6,74.2,18.0,light,69,6091,2537
52,male,175.6,78.2,13.3,athlete,73,19110,3619
23,female,154.8,82.8,21.3,athlete,72,14253,3467
64,female,157.9,74.1,24.3,light,70,8710,1987
33,male,176.6,74.4,20.2,light,51,5879,2581
33,male,176.1,77.6,18.1,light,64,6601,2437
32,male,179.1,88.7,11.7,light,62,5368,2741
40,female,158.0,58.3,19.4,light,77,6287,1744
26,male,176.9,76.5,19.3,moderate,63,9424,3014
38,male,178.4,78.1,24.9,sedentary,69,1069,1934
28,male,167.5,88.4,18.4,sedentary,50,2470,2219
20,female,156.2,67.5,31.6,light,76,3780,2135
35,male,186.1,99.7,23.1,moderate,58,8185,3385
50,male,168.5,76.1,19.3,light,84,4568,2172
54,male,167.7,75.1,13.9,light,59,7821,2155
34,male,174.7,75.9,19.0,moderate,65,11046,2995
33,female,163.4,67.3,25.9,moderate,66,10120,2582
55,male,168.7,65.6,20.6,light,52,3718,1995
50,male,172.9,71.6,21.7,moderate,60,8803,2879
57,female,162.2,53.2,21.4,light,74,3575,1619
61,male,169.4,77.6,17.0,moderate,65,8705,2444
57,female,155.7,69.0,25.0,light,63,7165,1732
62,female,157.5,79.7,19.9,very,62,14480,2772
37,male,178.4,96.6,23.8,athlete,73,16418,4000
36,female,161.8,60.9,32.4,moderate,56,11516,2477
33,male,163.9,67.8,18.2,very,74,12649,2920
29,female,165.0,53.6,30.7,sedentary,82,2719,1607
53,male,174.6,99.8,11.1,moderate,75,10747,3158
52,female,170.8,66.9,20.4,sedentary,66,4087,1686
56,female,160.4,58.3,29.0,light,64,5056,1687
26,female,159.4,63.3,19.8,moderate,88,9757,2331
41,male,179.7,90.1,27.2,moderate,50,8411,3097
28,male,158.3,71.1,23.0,moderate,71,4982,2607
60,male,182.2,80.6,20.9,very,61,13100,3265
30,male,166.7,89.1,19.9,moderate,61,6410,3085
24,female,151.6,70.7,21.7,very,72,12820,2634
45,male,176.7,78.1,28.0,very,77,8161,2938
60,female,171.1,66.9,36.3,very,78,10200,2611
61,female,159.8,67.7,22.8,light,72,5219,1726
22,male,158.4,71.2,11.0,moderate,61,11403,2780
33,male,169.5,83.7,20.8,moderate,57,7932,2869
25,female,159.2,64.5,25.1,athlete,72,11775,2863
32,male,173.6,70.2,10.9,sedentary,64,3437,1916
43,male,178.3,78.6,20.1,light,64,5609,2436
31,female,159.1,67.6,27.0,light,71,7423,2150
21,female,157.2,78.4,23.3,light,70,4178,2188
42,male,173.5,91.6,20.2,very,68,12527,3523
20,male,162.1,77.0,15.0,sedentary,54,5963,2155
28,male,171.8,75.6,21.2,light,60,5569,2587
18,female,154.4,69.8,23.6,moderate,77,9373,2419
22,female,155.5,69.6,33.0,light,63,3010,1800
38,female,164.4,92.5,14.0,sedentary,71,1976,2013
58,female,173.1,71.1,32.6,moderate,71,9919,2455
55,female,164.4,76.3,19.7,moderate,73,8340,2294
22,male,153.6,76.6,24.9,athlete,86,16843,3704
19,male,166.1,86.9,26.9,moderate,61,9849,3027
34,female,160.6,61.9,19.5,athlete,57,11045,2851
49,female,159.7,72.1,32.9,sedentary,70,4218,1877
53,female,156.2,69.1,36.1,moderate,61,6514,2123
57,male,183.6,84.8,16.3,moderate,65,7470,2860
34,male,175.1,108.9,13.7,moderate,72,9458,3401
26,male,182.7,85.5,15.1,light,68,8820,3001
19,male,176.9,64.1,15.9,light,73,4193,2445
25,female,159.5,72.2,12.3,sedentary,76,3177,2030
21,female,172.2,73.4,27.3,very,74,12390,3063
59,male,179.9,92.8,24.4,very,68,13643,3384
30,male,190.9,66.5,20.5,sedentary,73,4420,2131
57,female,161.2,58.5,22.8,moderate,51,8191,2029
44,male,163.9,67.7,16.0,moderate,84,11023,2431
43,female,159.3,63.1,21.1,moderate,63,11660,2241
39,female,152.6,80.7,29.7,light,72,9211,2162
57,male,183.4,79.2,23.0,very,55,13254,3283
20,male,172.0,71.3,16.7,moderate,55,9314,3098
22,female,162.4,71.1,25.7,moderate,81,8050,2502
38,female,164.7,56.3,14.7,moderate,64,6082,1914
36,male,193.0,63.0,16.1,moderate,60,8444,2737
44,female,158.0,62.3,30.4,sedentary,79,3134,1596
53,female,172.1,59.9,25.4,very,71,11726,2514
46,female,160.9,60.6,27.2,light,67,7075,2053
30,male,171.6,96.8,21.3,very,82,8364,3617
33,female,168.6,59.0,38.2,very,75,11545,2712
54,female,157.7,70.7,22.4,moderate,68,12989,2323
27,male,172.0,65.0,15.0,moderate,69,10991,2912
42,male,177.6,89.9,16.2,sedentary,70,3739,2187
43,female,162.0,70.2,35.2,light,71,6703,2138
54,male,188.5,56.9,15.4,moderate,56,8269,2517
52,male,175.1,73.8,15.9,sedentary,58,895,1775
40,male,184.0,93.2,10.9,sedentary,74,3548,2430
32,female,150.0,65.1,25.8,athlete,74,7654,2777
35,female,164.0,52.1,32.3,light,77,5413,1785
37,male,177.0,92.7,14.7,light,67,5993,2883
28,female,162.3,74.3,32.3,light,74,5195,1992
48,male,175.4,84.6,23.6,moderate,51,13342,2927
28,female,161.8,58.9,20.1,light,86,9283,2051
49,female,161.7,69.5,25.1,moderate,58,11065,2310
54,female,165.7,69.8,24.8,moderate,72,7149,2167
64,male,177.8,71.6,18.4,sedentary,55,5305,1988
23,female,156.3,85.2,19.2,light,69,7114,2295
54,male,173.1,89.7,20.0,sedentary,73,1869,2077
22,female,157.7,72.0,22.8,very,71,12081,2865
34,male,183.8,75.0,16.3,sedentary,66,4150,2138
26,male,183.0,79.2,22.2,light,62,4922,2627
25,male,175.1,72.0,23.8,light,51,6252,2452
26,female,156.4,59.3,28.3,sedentary,82,3379,1517
20,male,178.6,108.8,12.1,moderate,63,6798,3549
57,female,168.3,62.8,27.2,light,62,5513,2033
20,male,185.3,72.8,16.2,athlete,62,11923,3867
37,male,176.2,90.2,14.2,sedentary,56,4042,2342
51,female,151.4,73.6,30.4,moderate,71,7183,2114
65,male,168.7,95.3,22.2,moderate,59,9583,2874
58,female,154.8,87.5,26.8,sedentary,62,1331,1815
24,female,171.2,87.4,26.1,moderate,65,6733,2551
65,male,174.8,56.6,22.2,very,64,9045,2543
49,male,171.6,58.6,18.7,moderate,56,8420,2524
26,male,175.6,56.0,15.1,very,62,12450,2903
39,female,162.9,76.7,26.5,moderate,54,9729,2549
62,female,159.2,64.0,23.9,light,59,2809,1723
36,male,182.3,93.1,17.6,very,61,11578,3471
26,male,180.9,78.4,11.1,light,50,4648,2608
60,male,185.4,75.1,22.2,moderate,59,10068,2742
63,male,173.7,67.9,15.6,moderate,61,8464,2549
64,female,161.5,52.7,29.8,very,55,11797,2242
63,female,159.1,59.1,16.5,very,67,10137,2258
59,male,180.7,66.2,17.1,sedentary,71,5069,1961
39,female,164.2,74.5,30.4,moderate,72,6432,2414
27,male,173.8,82.3,13.1,light,72,5280,2486
47,male,170.2,75.2,15.6,moderate,52,9215,2731
28,female,164.4,56.6,22.3,moderate,67,8497,2178
40,female,165.1,50.7,16.7,sedentary,71,2083,1580
49,female,160.8,67.4,17.9,very,61,7470,2488
63,male,179.4,68.2,8.9,light,56,4755,2263
31,male,174.7,102.8,9.4,moderate,75,7081,3438
30,male,176.4,71.0,15.3,athlete,68,20037,3737
53,male,166.7,96.7,14.8,moderate,73,13529,3061
18,female,157.5,45.0,26.1,moderate,69,8898,2066
45,female,167.1,45.0,25.9,sedentary,80,1314,1209
53,male,177.3,86.8,17.5,sedentary,56,3885,2023
44,female,159.3,85.8,28.0,sedentary,60,1822,1884
36,male,186.0,67.9,26.1,light,79,5011,2302
57,female,164.1,56.8,26.1,light,81,4868,1616
35,male,168.0,100.2,14.0,moderate,62,7998,3146
52,male,172.5,74.9,13.7,moderate,63,8290,2645
40,female,158.4,59.9,28.9,sedentary,64,1423,1604
19,male,192.7,71.7,11.9,moderate,81,7595,3073
43,male,185.4,73.8,26.4,very,74,14549,3267
20,male,182.8,98.5,18.2,sedentary,67,2959,2626
62,male,172.3,65.9,17.4,moderate,65,9250,2569
46,male,168.8,66.7,26.0,sedentary,67,321,1665
35,male,180.5,97.3,17.9,moderate,68,10895,3346
41,female,152.7,69.5,16.6,moderate,76,7628,2147
47,female,158.5,60.3,19.4,sedentary,74,4348,1493
30,male,174.2,72.6,11.1,light,73,6277,2671
31,male,186.2,79.5,14.9,very,65,10594,3450
38,female,167.3,63.3,19.4,light,81,2979,1893
30,female,150.0,74.2,30.4,moderate,69,13349,2530
54,female,152.9,47.1,30.7,moderate,60,10606,1949
22,female,161.2,60.3,29.3,sedentary,77,4035,1658
57,female,159.2,65.3,30.1,moderate,85,12637,2188
34,male,174.4,77.3,11.2,moderate,66,9448,2981
44,male,173.1,73.3,10.2,sedentary,56,4622,1907
25,female,163.9,64.0,21.1,very,79,10803,2801
36,female,164.8,79.6,26.0,light,71,7327,2101
54,male,171.4,63.9,27.5,moderate,54,7739,2448
30,female,166.3,62.9,22.4,light,73,5093,1859
24,male,170.7,102.9,14.6,sedentary,73,3116,2365
43,female,160.3,66.8,32.1,moderate,58,6465,2330
25,female,165.7,80.7,27.4,moderate,54,9658,2806
33,male,182.9,71.6,18.8,light,73,5438,2614
39,male,174.7,83.1,21.9,moderate,59,5024,2691
45,male,161.3,77.2,22.6,moderate,53,8084,2555
48,female,169.7,57.6,29.3,light,75,5378,1894
50,female,155.5,62.7,20.4,moderate,71,10705,2235
58,male,177.2,77.9,14.5,moderate,67,9570,2689
21,male,168.8,101.0,20.7,moderate,59,11894,3344
35,female,163.5,61.1,19.6,moderate,71,10040,2199
18,male,171.9,92.0,20.3,moderate,62,7892,3362
18,male,173.7,62.8,19.9,very,73,11854,3118
28,male,170.5,65.7,18.3,very,58,11129,3075
46,female,154.4,72.7,25.5,light,68,6878,2004
60,female,161.7,60.2,32.4,light,73,6107,1878
55,male,181.9,66.5,12.7,athlete,62,13114,3208
49,female,157.9,61.1,15.3,very,73,12021,2533
55,female,171.3,71.3,28.6,sedentary,62,3553,1596
26,male,168.9,75.8,16.0,light,66,4188,2565
58,female,169.6,72.4,24.4,light,63,6570,1859
60,female,158.8,66.1,24.9,very,57,8053,2288
22,male,172.5,75.0,18.7,very,70,14763,3578
40,male,158.4,64.4,23.1,very,60,13317,2952
57,female,151.8,64.1,23.9,light,70,8932,1883
40,female,170.6,72.9,32.1,very,86,9208,2645
58,male,186.0,78.9,18.7,sedentary,66,4360,2057
62,female,166.5,57.3,18.8,light,87,7684,1935
40,female,157.5,55.9,24.6,light,76,5671,1842
20,male,182.8,58.8,17.3,moderate,77,8246,2872
34,female,156.8,62.0,14.7,moderate,66,6829,2179
28,male,169.8,94.3,9.4,light,71,3577,2650
40,female,163.9,63.2,33.7,light,65,4647,1997
46,male,179.3,100.7,8.0,very,72,8860,3574
40,male,158.7,76.9,27.0,sedentary,63,4914,2009
27,female,168.9,67.9,12.2,light,60,3296,1936
32,male,173.0,85.7,14.8,sedentary,70,3178,2331
50,female,153.5,67.3,25.6,light,60,6784,1927
19,male,171.9,80.5,23.1,light,58,6643,2599
28,female,156.0,64.5,26.1,moderate,59,9890,2458
60,female,166.4,70.3,26.0,light,67,7703,2018
22,female,163.0,65.5,18.6,light,61,5197,2111
37,male,171.0,64.4,18.6,very,61,12218,3098
27,male,174.9,92.9,21.1,sedentary,67,2647,2417
23,female,153.0,77.0,23.6,moderate,75,11605,2626
38,female,161.7,65.8,19.8,light,64,9779,2086
43,female,152.1,67.1,23.9,very,58,9015,2618
26,male,167.9,75.6,23.1,sedentary,70,562,1959
21,female,164.3,63.3,17.6,moderate,75,10138,2538
24,male,173.3,82.1,8.9,moderate,66,11140,3099
49,male,168.3,80.5,14.6,moderate,70,12913,2938
59,female,159.5,72.5,26.5,very,80,13844,2722
26,male,176.9,91.1,14.8,sedentary,71,4674,2379
33,female,153.6,74.8,21.6,light,65,8988,2230
34,male,174.1,95.0,15.7,very,56,15661,3728
35,male,175.5,85.3,21.1,very,50,14202,3432
29,male,179.0,80.0,26.6,light,73,3692,2682
20,female,161.8,79.6,35.4,moderate,76,8983,2738
43,female,155.9,67.6,29.1,moderate,52,9600,2220
35,female,162.6,72.1,17.0,moderate,61,8800,2546
34,female,155.5,72.7,17.3,very,59,11904,2633
30,female,164.5,79.0,20.5,very,53,15918,3074
62,female,162.1,72.3,25.9,light,77,4637,1836
47,female,170.4,51.7,26.4,moderate,88,10598,2232
38,male,180.7,95.6,22.8,light,70,6569,2762
27,male,171.3,87.6,17.9,sedentary,78,1970,2315
56,male,172.2,81.8,13.9,very,63,9308,3131
60,male,178.8,74.1,19.4,moderate,58,5597,2554
19,female,164.4,70.0,36.9,sedentary,69,3582,2057
62,male,172.1,77.7,16.8,moderate,59,8873,2591
51,male,175.6,70.0,15.4,light,82,4513,2123
22,female,158.3,72.4,18.2,sedentary,77,748,1839
54,female,160.4,59.3,28.8,moderate,74,9865,1886
23,female,158.5,53.8,24.8,moderate,73,8652,2351
20,male,161.6,88.8,24.7,moderate,64,7572,3033
23,male,166.2,93.5,20.3,sedentary,70,1843,2149
40,female,161.7,66.5,20.3,moderate,78,8522,2198
47,male,173.9,74.7,23.2,sedentary,62,3563,1868
37,male,166.7,87.1,20.3,very,59,11175,3362
23,male,170.1,78.9,31.0,light,61,3860,2379
27,female,165.2,71.1,24.4,very,59,11854,2902
58,female,161.9,57.1,21.0,sedentary,64,4254,1456
64,female,160.1,53.3,16.9,sedentary,89,3048,1307
54,female,176.6,65.2,29.4,light,69,6123,2055
22,female,157.1,70.6,29.1,moderate,59,8348,2509
57,male,171.8,86.5,19.5,very,58,9775,3269
51,female,157.5,59.9,32.3,moderate,63,7154,1960
43,male,177.3,80.0,23.8,light,60,3008,2422
24,male,179.1,66.0,19.5,sedentary,65,4417,2066
65,female,157.9,67.1,26.8,moderate,61,9924,2130
39,male,175.3,67.5,16.4,light,54,6148,2280
20,male,160.8,77.4,11.4,very,82,12738,3245
28,male,176.5,52.7,26.3,light,64,6611,2213
37,female,166.5,52.1,30.1,moderate,71,7530,2140
20,male,173.0,75.0,22.8,very,58,11186,3332
33,male,187.7,75.4,19.4,sedentary,74,2430,2244
40,female,161.7,66.0,18.5,light,67,10520,2105
63,male,176.5,73.9,17.4,very,61,14550,3022
22,female,163.4,76.4,26.9,light,73,6302,2290
45,female,162.4,65.8,17.8,moderate,76,11731,2255
61,female,158.2,77.8,23.7,very,63,15099,2753
56,male,175.7,77.2,18.6,light,66,3515,2270
62,male,180.9,77.7,23.6,very,64,11442,3128
26,male,184.6,68.8,24.9,light,59,5970,2562
56,female,160.1,46.8,24.6,moderate,82,10223,2060
64,male,180.7,90.1,20.1,light,61,5596,2565
33,male,170.1,73.0,18.2,moderate,68,8802,2802
41,male,180.4,64.9,12.2,sedentary,70,2446,1895
43,female,156.2,71.9,26.6,sedentary,78,4258,1791
41,male,182.6,79.4,20.9,light,64,3401,2461
31,female,153.8,62.6,26.0,light,68,5230,1751
64,male,174.1,77.5,16.4,moderate,63,5312,2540
63,male,159.7,88.4,17.1,sedentary,51,1764,1958
36,male,171.2,83.4,28.6,sedentary,63,3380,2094
56,female,159.0,73.1,24.9,light,62,6605,1951
37,male,178.9,93.0,20.5,light,56,5436,2725
56,male,176.7,95.4,16.7,light,60,8023,2687
46,female,154.2,57.5,31.5,sedentary,55,4624,1639
40,female,166.8,50.5,28.5,moderate,79,8861,1974
24,female,157.8,53.7,24.6,moderate,71,9500,2414
49,female,171.6,65.5,21.2,moderate,73,8094,2288
33,male,185.7,71.3,18.9,light,52,7128,2628
28,female,156.0,50.3,16.2,very,58,9014,2313
27,male,181.3,70.2,24.3,moderate,55,12591,2849
65,female,165.6,61.8,25.9,moderate,78,11279,2042
22,female,160.4,53.3,35.3,light,80,3841,1801
56,female,161.0,61.3,28.2,light,76,4579,1857
59,female,169.6,61.8,19.8,light,74,6758,1745
19,female,157.5,58.8,16.4,light,54,5391,1887
46,female,162.5,74.3,23.8,moderate,69,10089,2439
45,female,167.7,46.0,29.9,light,61,5353,1751
35,male,175.1,64.2,18.3,sedentary,53,4829,2069
50,male,185.1,67.4,19.5,sedentary,63,3009,1895
37,male,178.9,83.0,12.1,sedentary,68,5904,2139
39,female,151.6,69.0,29.3,light,69,7084,2029
38,male,173.5,90.8,18.8,sedentary,79,1380,2353
56,male,187.5,87.0,24.7,moderate,73,13172,3100
48,male,173.5,90.9,19.9,light,72,7977,2542
36,female,162.4,60.6,29.8,moderate,50,9760,2234
62,female,168.2,80.5,23.4,very,70,13616,2838
56,female,154.9,61.8,24.3,very,50,9027,2222
62,male,174.5,89.0,15.3,moderate,66,5391,2900
53,male,172.4,82.5,10.8,light,57,5924,2529
36,male,182.6,93.3,18.5,moderate,65,11757,3314
55,male,171.2,49.9,13.0,very,51,12989,2434
33,male,183.0,74.5,23.6,light,60,9076,2581
31,female,163.7,72.3,27.0,sedentary,75,4585,1799
39,female,172.8,67.9,35.3,moderate,59,9041,2371
64,female,153.0,66.9,25.6,sedentary,78,4420,1525
45,male,173.8,60.6,18.7,moderate,57,12045,2664
36,male,182.3,94.9,25.1,sedentary,81,2903,2216
40,female,156.5,68.3,21.7,sedentary,71,2743,1722
31,male,163.6,64.3,17.2,moderate,66,9280,2630
49,male,179.3,75.2,16.0,moderate,52,4176,2691
34,male,179.4,74.2,14.6,moderate,60,9560,2993
44,female,168.3,73.6,27.5,very,72,13801,2764
35,female,163.6,56.3,30.2,very,64,12361,2653
33,male,172.8,86.2,17.4,light,65,6620,2634
64,female,156.2,74.5,8.0,athlete,71,14869,2953
34,female,165.4,79.9,35.1,light,61,2405,2047
21,female,162.1,57.3,23.2,sedentary,77,4995,1878
36,female,150.0,60.2,20.1,very,75,11080,2309
43,male,189.1,98.3,21.7,light,73,4888,3089
22,female,162.8,66.0,23.0,very,71,15394,2792
32,male,178.5,66.5,11.5,sedentary,77,4174,2182
25,female,168.0,67.1,20.6,sedentary,55,3327,1785
42,female,157.9,67.5,20.9,sedentary,64,3923,1738
52,female,157.9,61.9,28.2,moderate,69,6690,2034
64,female,164.2,74.4,37.2,very,74,11797,2469
36,female,172.7,78.6,29.9,light,71,8330,2066
59,female,171.7,54.6,31.7,sedentary,78,2187,1713
28,female,164.2,61.5,22.7,light,61,4203,1976
55,female,164.8,74.2,25.6,light,66,6141,1726
45,male,185.0,72.6,18.9,moderate,66,9204,2883
54,female,154.5,60.1,21.0,moderate,52,10295,2137
54,female,165.9,75.1,22.4,sedentary,65,1346,1597
43,male,175.3,57.1,23.0,light,67,1411,1975
30,female,163.9,60.5,31.5,moderate,68,10842,2367
43,female,160.6,67.1,25.4,light,66,4050,2028
57,female,165.0,52.9,17.8,light,75,4902,1689
64,female,162.7,56.0,23.2,moderate,72,4633,1985
62,male,176.4,92.0,17.1,light,80,7841,2711
26,female,163.1,65.3,25.5,sedentary,64,3420,1737
46,male,162.3,73.5,12.2,light,62,6558,2137
23,female,164.7,57.8,23.4,moderate,76,9606,2330
50,female,161.4,54.3,26.5,light,91,2291,1690
65,male,179.5,93.0,14.4,very,61,9537,3280
20,male,185.3,95.8,16.1,light,75,5186,2999
49,male,176.3,64.2,18.7,light,50,4652,2294
63,male,174.5,72.5,10.6,moderate,62,8456,2640
58,male,177.7,77.1,15.7,light,71,6443,2361
36,male,169.3,85.0,24.4,light,58,7811,2670
22,male,168.3,56.9,20.6,sedentary,63,1223,2079
62,male,183.9,58.8,17.2,moderate,69,8982,2340
62,female,166.6,81.7,30.3,light,65,7280,2175
45,male,168.1,54.6,20.9,very,54,9689,2848
64,male,181.8,72.6,21.9,light,54,5652,2180
18,male,174.4,79.9,15.2,light,57,6839,2786
47,female,169.7,53.1,33.3,light,72,6020,1938
19,male,178.2,76.3,24.6,sedentary,53,3809,2111
62,female,164.8,77.3,39.2,very,71,12236,2736
50,male,175.6,88.1,13.8,sedentary,74,2625,2132
61,male,184.9,81.4,12.9,very,62,9068,3146
45,male,177.2,70.2,16.4,sedentary,65,3296,1974
21,male,179.4,78.5,18.3,moderate,57,9199,3206
19,female,167.1,57.5,23.1,sedentary,67,1808,1679
34,male,190.1,98.6,20.5,moderate,80,10164,3373
53,male,178.3,87.4,24.4,light,57,8282,2581
25,female,160.2,63.0,18.5,moderate,71,7679,2281
58,female,166.5,63.6,24.0,very,64,10180,2312
29,female,167.2,63.3,12.2,moderate,76,7471,2303
41,female,159.8,65.2,23.9,sedentary,74,985,1584
27,female,164.0,70.4,20.1,moderate,84,13008,2652
40,male,161.6,65.9,20.2,light,79,5192,2303
39,female,173.3,62.2,42.5,sedentary,62,1969,1702
18,male,171.2,88.6,23.5,light,69,3971,2644
45,male,184.9,74.3,12.3,very,61,11030,3126
55,female,161.7,59.4,28.3,light,75,4748,1779
62,female,165.3,64.4,29.8,moderate,63,11876,2215
33,female,161.3,76.6,23.0,moderate,85,6502,2432
60,male,168.7,61.9,22.3,light,88,3230,2018
60,female,155.7,83.0,26.7,light,57,6993,2107
65,male,173.6,77.3,25.0,moderate,66,8785,2675
35,female,155.2,61.5,18.8,light,68,5598,1869
58,female,159.4,55.5,26.0,sedentary,60,3671,1350
45,female,162.6,86.9,25.6,light,69,6246,2187
20,female,173.9,60.0,20.7,very,76,11882,2901
30,female,159.5,60.0,20.2,light,57,3469,1829
50,male,172.3,78.8,16.4,light,66,2997,2182
25,male,162.0,98.2,20.5,sedentary,61,2159,2430
38,male,170.2,85.0,21.4,sedentary,81,1698,2031
55,female,150.0,63.7,34.7,athlete,69,15807,2640
25,male,181.5,77.6,13.4,moderate,69,5402,2987
41,male,169.6,91.3,25.7,moderate,59,8105,2991
28,female,165.5,65.2,22.9,moderate,59,8653,2159
43,female,155.4,75.4,28.5,light,72,5928,2072
29,female,161.7,78.1,20.3,moderate,70,9797,2730
64,female,162.4,63.1,36.6,athlete,80,14020,2713
21,female,167.1,73.2,14.9,moderate,64,7665,2358
64,male,171.1,69.5,10.7,moderate,78,11488,2804
56,female,164.3,72.7,25.5,light,58,5423,1835
59,female,158.8,59.3,28.3,very,73,15547,2306
58,female,166.7,53.2,33.0,sedentary,66,2609,1504
27,male,169.3,71.6,12.0,moderate,73,8967,2862
62,female,155.8,79.0,20.6,light,63,5750,1958
46,female,151.4,66.8,28.6,moderate,74,9462,2124
64,female,152.6,80.0,36.2,very,60,10950,2657
60,male,174.6,72.6,16.8,moderate,60,9192,2631
45,female,154.9,75.5,37.7,sedentary,78,4836,1593
35,female,163.9,58.5,27.3,moderate,68,11097,2429
23,female,154.8,67.3,22.4,very,78,14639,2814
22,male,172.7,74.1,13.0,moderate,64,6316,2960
36,female,155.7,71.6,23.7,very,69,9049,2655
56,female,159.2,67.5,13.3,very,71,12544,2735
42,male,170.9,86.4,25.0,very,71,13926,3366
41,female,171.1,73.8,23.4,light,81,5065,2136
29,male,174.4,75.1,24.3,light,67,4744,2553
45,female,167.3,59.2,29.5,very,64,15484,2592
48,male,168.3,65.5,18.8,very,63,13714,3030
65,female,161.7,70.0,21.2,sedentary,76,4269,1303
53,female,157.0,61.7,23.0,sedentary,82,2470,1473
47,female,161.6,63.7,27.1,light,80,5063,1862
61,female,157.4,70.6,25.4,moderate,70,10897,2209
38,female,163.0,60.4,20.8,very,76,11343,2447
62,male,191.7,58.1,9.6,moderate,59,7778,2609
35,male,167.6,87.8,8.0,sedentary,62,1904,2114
24,female,168.0,79.7,18.2,light,71,5079,2325
38,female,164.6,65.3,23.3,very,70,14187,2717
24,male,169.2,64.9,16.7,light,72,3282,2337
23,male,174.9,83.1,22.2,sedentary,67,3754,2432
60,female,161.5,66.4,23.6,light,63,4725,1828
56,female,156.8,53.7,29.1,very,55,11474,2284
28,male,168.3,75.4,27.6,light,67,5736,2485
58,male,173.7,90.9,20.5,sedentary,50,2735,2083
21,male,178.1,56.3,19.5,light,50,5483,2318
31,female,152.3,61.3,34.0,athlete,81,13666,2754
51,male,170.1,107.3,11.6,light,67,4971,2800
32,female,165.4,66.9,23.3,light,82,8375,2162
53,male,165.0,76.8,8.0,sedentary,77,3030,1859
59,male,172.0,69.4,15.1,light,68,5773,2185
21,female,167.3,45.0,38.4,very,78,10388,2280
19,female,169.8,62.6,21.9,moderate,82,8184,2446
63,female,166.8,70.2,18.9,light,84,4845,1889
42,female,173.1,60.9,24.0,very,74,13913,2875
42,female,157.3,65.4,23.5,light,52,4643,2014
40,female,150.0,72.5,20.2,very,73,6384,2333
38,female,159.3,65.8,40.6,sedentary,74,3069,1676
51,male,171.7,63.8,11.6,light,64,5497,2196
45,male,178.4,58.2,21.5,very,56,10535,2842
25,female,163.7,63.8,22.2,very,78,14278,2784
48,male,177.6,70.3,8.2,moderate,67,3532,2516
50,female,164.3,45.0,31.2,moderate,60,12152,2204
23,female,166.8,61.7,14.9,very,74,14636,2785
36,male,162.6,84.6,22.8,moderate,60,7743,2881
55,female,155.4,67.2,23.5,light,83,5188,1563
47,male,183.6,85.0,16.1,light,61,6907,2720
24,female,162.6,72.0,22.8,moderate,75,10062,2675
19,male,182.0,61.4,18.0,moderate,59,7732,2702
45,male,170.2,73.2,21.6,very,53,7958,2906
40,female,158.1,87.8,32.8,light,61,9804,2409
64,female,157.7,67.3,15.5,sedentary,51,4147,1540
43,male,162.7,87.8,10.7,light,62,6282,2552
62,female,153.0,59.4,23.8,very,65,12439,2206
28,female,160.8,61.3,30.5,sedentary,80,3745,1879
39,male,161.6,99.8,15.0,very,70,13852,3486
24,female,168.6,55.5,25.1,sedentary,74,496,1878
45,female,163.8,62.0,24.4,light,58,5368,2015
27,male,174.6,63.2,21.6,very,75,10862,3157
41,female,157.5,60.5,17.3,light,50,5709,1750
34,female,161.3,73.1,21.5,very,88,13926,2938
26,female,164.2,71.4,25.8,sedentary,68,851,1825
22,female,166.3,76.7,20.5,moderate,50,6301,2356
42,female,161.4,61.7,23.0,moderate,63,7636,2034
63,male,177.8,74.1,21.8,very,67,12385,3067
27,female,162.0,51.4,22.8,sedentary,64,3998,1583
37,male,181.0,68.6,14.8,light,55,8936,2467
28,female,159.1,52.9,29.2,moderate,64,8427,2254
56,male,180.8,62.1,12.9,athlete,62,17491,3241
37,male,183.3,97.4,23.0,very,67,13775,3713
64,male,176.5,65.8,23.6,very,77,13354,2830
29,female,165.5,60.2,34.7,moderate,80,8951,2382
21,male,177.8,72.1,8.0,moderate,57,8200,2759
45,male,155.0,73.9,14.6,very,54,9336,2796
49,female,157.2,60.2,40.5,very,59,9171,2136
65,female,165.3,59.7,20.9,very,70,12867,2328
59,male,174.6,92.3,18.9,very,68,11863,3403
60,female,158.6,59.3,20.7,very,68,10961,2341
48,male,174.5,80.2,23.1,sedentary,67,3797,2030
35,male,167.0,68.6,19.7,light,57,5639,2368
38,female,158.5,57.6,23.3,athlete,60,12260,2659
24,male,175.5,64.2,18.8,moderate,55,8467,2908
38,female,167.2,59.1,19.6,sedentary,68,3984,1649
35,female,159.9,79.2,31.8,moderate,85,6952,2167
19,female,163.7,79.0,31.0,moderate,73,9418,2786
27,male,167.4,77.4,19.9,very,62,11861,3226
43,female,150.0,50.0,13.7,very,80,10097,2107
35,female,156.6,87.9,18.2,sedentary,72,2647,1939
65,male,162.9,71.0,20.1,light,65,3170,1888
40,male,176.3,61.2,13.2,sedentary,79,3131,1924
64,male,170.9,83.5,13.9,very,67,8588,3051
49,female,168.8,72.0,36.2,sedentary,71,4286,1808
19,female,160.1,78.1,36.7,moderate,64,8816,2569
27,male,173.8,75.4,17.4,moderate,71,7856,2986
51,female,163.9,68.2,24.9,moderate,70,11321,2240
44,female,160.0,53.1,21.5,moderate,77,6936,1929
32,female,161.1,71.7,23.3,moderate,61,7504,2385
43,male,165.9,76.8,8.0,moderate,50,5341,2662
61,male,187.1,74.0,17.3,sedentary,81,4571,2036
36,male,171.8,61.6,29.6,light,77,9371,2486
20,female,159.7,62.5,31.5,moderate,78,5652,2310
32,female,162.0,56.3,15.6,light,69,4531,1868
62,female,157.3,72.9,36.7,moderate,68,9139,2224
54,male,173.4,90.1,10.7,light,59,5071,2590
58,male,192.2,70.9,11.4,very,69,11921,3185
61,male,184.7,66.0,12.0,sedentary,54,2858,1722
23,female,160.4,69.3,15.6,moderate,66,9815,2604
31,male,179.5,95.7,17.1,sedentary,53,1846,2382
20,female,161.4,49.7,33.4,moderate,58,9385,2280
18,female,161.5,52.0,19.6,light,73,3990,1837
58,male,182.1,84.3,16.3,moderate,64,8176,2692
62,male,183.1,82.0,18.2,light,61,2873,2140
25,male,182.3,74.3,12.5,moderate,74,8190,2883
52,female,154.6,68.7,25.6,moderate,73,7854,2197
43,female,155.7,64.7,22.9,athlete,63,17830,3028
21,male,180.2,73.6,21.2,moderate,56,8881,3028
61,male,177.7,86.4,16.3,moderate,62,9245,2767
59,female,163.5,65.0,29.2,very,64,11943,2377
45,male,163.7,68.4,17.7,light,68,2167,2246
51,male,175.8,85.2,11.8,moderate,67,5006,2655
37,male,182.6,77.2,26.3,light,70,5426,2756
56,male,166.6,83.9,15.1,moderate,67,9557,2962
39,male,179.5,72.6,21.4,sedentary,70,2718,2284
65,female,167.1,77.1,18.2,light,82,4444,2000
21,female,156.1,61.5,29.3,moderate,71,8519,2275
26,female,158.7,58.1,25.3,light,70,5411,1961
64,female,163.1,79.2,26.5,light,57,7402,2142
31,female,179.1,65.5,20.6,light,85,7301,2159
32,male,171.3,74.4,19.8,very,70,10616,3071
55,male,181.2,94.6,11.4,light,76,5910,2636
27,female,169.2,79.1,21.9,light,50,6497,2252
42,male,170.1,70.4,15.6,athlete,65,16273,3581
31,female,156.1,69.3,27.7,very,68,16131,2756
27,female,168.4,66.3,38.0,sedentary,76,2966,1802
64,male,180.8,99.2,21.3,moderate,61,11337,3239
27,female,171.6,65.0,13.5,sedentary,67,1607,1888
22,female,163.2,60.6,32.0,very,75,10405,2670
50,male,179.0,102.9,21.4,light,68,2155,2719
59,male,173.3,78.4,25.5,light,57,6272,2254
24,female,165.9,50.0,33.8,light,71,7165,2045
51,female,160.6,48.2,22.0,moderate,82,3889,1901
43,male,193.4,91.0,22.7,sedentary,72,3225,2200
57,female,156.9,71.2,21.4,moderate,79,10208,2414
24,male,171.8,76.9,11.3,light,50,6985,2514
64,female,161.6,68.0,29.1,moderate,83,6608,2131
47,female,162.2,66.4,31.7,very,54,13932,2636
58,male,185.5,91.9,12.0,sedentary,69,3011,2236
35,female,169.4,69.4,25.4,sedentary,89,3709,1790
63,female,156.9,66.6,39.9,light,74,5773,1683
48,female,163.9,45.0,22.8,moderate,77,9762,2009
24,male,177.7,73.6,23.1,sedentary,74,4331,2179
62,male,175.7,64.7,8.0,moderate,78,8591,2359
56,male,175.1,56.9,16.0,moderate,76,9568,2335
32,male,174.6,70.2,27.2,moderate,76,11499,2756
44,male,171.0,60.5,16.4,moderate,64,8733,2471
36,female,165.5,61.5,21.7,sedentary,73,1649,1668
44,female,151.6,49.3,22.3,light,87,7216,1603
64,female,150.0,80.2,20.3,moderate,70,11869,2404
61,male,169.5,82.3,18.4,light,74,8319,2413
28,male,171.4,69.3,18.3,moderate,60,10429,2809
64,female,168.8,66.7,27.6,very,59,6139,2326
39,male,179.7,101.1,11.8,sedentary,50,2237,2539
51,female,164.1,77.1,22.4,light,72,4947,1910
54,female,167.1,76.6,16.2,light,73,6080,2244
41,male,179.0,59.2,12.8,sedentary,68,5025,2060
39,male,170.5,96.2,23.6,athlete,73,11758,3843
39,male,173.2,72.3,18.1,athlete,56,21726,3839
59,male,181.8,90.6,15.2,light,70,5311,2536
36,male,181.1,76.5,15.4,very,74,10082,3302
31,female,167.8,61.5,25.1,sedentary,59,4014,1684
35,female,159.2,76.3,20.1,athlete,78,17772,3333
27,female,154.0,81.6,17.1,very,78,13624,2896
36,female,173.9,57.5,21.5,light,64,4614,1949
23,female,158.4,62.4,33.0,moderate,52,10004,2441
22,male,176.9,87.3,14.2,moderate,70,6932,3218
52,male,165.4,73.3,18.8,light,64,4564,2133
21,female,162.4,59.8,23.1,light,83,5829,2102
45,male,172.4,72.5,15.2,moderate,57,7360,2575
55,male,172.1,78.6,17.3,sedentary,70,4263,1822
52,female,161.8,70.3,25.5,sedentary,71,2306,1546
39,female,163.0,82.6,27.4,light,58,5603,2299
27,female,150.0,60.5,27.3,moderate,74,7239,2148
62,female,173.3,64.1,26.5,light,61,7867,1906
58,male,180.5,77.3,12.7,moderate,75,7667,2741
47,female,165.5,63.3,21.7,sedentary,73,4370,1659
22,female,153.7,50.1,18.2,sedentary,85,4282,1620
19,female,159.2,72.5,15.6,moderate,89,8108,2351
33,female,158.0,69.2,24.3,sedentary,60,3035,1705
25,female,170.8,62.2,29.9,moderate,64,8052,2430
59,male,167.8,90.7,21.5,light,65,6982,2363
27,male,175.1,81.3,20.6,moderate,66,8611,2875
31,male,174.2,92.1,15.1,light,62,5248,2678
64,male,187.9,54.2,23.3,very,67,12115,2782
57,male,188.5,47.3,13.8,sedentary,78,1101,1679
28,male,163.3,73.2,24.7,very,60,11810,3090
36,female,150.7,71.8,28.3,light,57,7169,1969
42,female,154.1,48.3,13.8,sedentary,64,3165,1345
49,female,150.3,63.8,29.0,moderate,70,10903,2173
62,female,155.5,53.4,20.5,light,79,5320,1706
59,female,157.1,79.3,29.1,light,73,5173,1747
64,female,152.3,53.4,20.9,very,78,9206,2073
19,male,174.2,78.2,16.8,moderate,53,8188,2995
29,female,150.0,66.3,21.8,moderate,63,12931,2447
45,male,176.6,71.8,22.0,athlete,67,15826,3636
20,male,183.4,94.6,20.1,light,57,4946,2819
35,female,164.4,70.3,23.7,sedentary,79,1792,1821
25,female,163.1,45.1,17.9,very,68,8003,2158
62,male,182.7,68.5,16.8,light,70,4505,2240
21,male,179.1,86.9,25.4,sedentary,68,3911,2359
25,male,180.1,77.3,13.9,sedentary,57,2487,2214
27,male,170.3,74.1,14.4,light,66,4275,2333
25,male,167.7,85.6,12.4,light,72,4473,2631
45,female,167.4,63.5,26.0,light,63,7169,2154
35,female,165.8,45.0,29.6,moderate,76,8837,1951
61,female,157.6,68.9,27.0,moderate,66,7745,2124
30,female,162.1,79.7,32.0,very,65,11229,3009
43,female,160.1,77.3,23.2,sedentary,81,5647,1817
49,female,160.8,69.6,31.2,sedentary,57,4463,1824
48,male,184.6,77.8,17.6,moderate,63,11937,2945
56,male,176.7,62.5,16.7,sedentary,62,897,1760
27,female,160.6,84.3,27.4,light,77,5728,2205
42,male,186.0,78.1,21.5,moderate,63,7710,2939
56,male,174.6,65.9,18.6,moderate,50,10087,2590
59,male,175.9,97.8,21.3,light,64,7907,2758
47,female,158.8,60.7,21.2,moderate,77,9652,2091
49,male,168.8,83.7,19.8,moderate,70,7255,2710
59,female,152.4,80.3,20.4,very,64,10347,2598
47,male,179.4,62.5,18.7,light,62,7117,2438
63,male,169.5,96.6,14.6,moderate,72,10440,3034
24,male,196.4,78.9,23.9,moderate,64,9281,3411
34,male,167.4,74.5,28.3,light,52,6233,2479
23,female,162.5,64.8,21.1,moderate,86,9100,2475
22,male,178.6,71.0,21.6,moderate,63,9538,3021
40,male,185.7,79.8,8.0,light,73,7288,2792
28,female,174.9,59.8,24.7,light,73,7134,2249
37,female,162.6,59.9,16.0,light,71,6042,1817
39,male,162.1,76.7,15.4,moderate,69,8901,2812
47,female,163.1,79.6,36.4,sedentary,89,2895,1817
63,female,153.9,46.2,34.3,moderate,50,7439,1673
58,male,161.7,76.4,22.2,sedentary,50,2048,1672
36,female,155.8,63.8,18.1,moderate,67,10087,2118
33,female,159.3,54.7,19.3,moderate,68,7574,2076
54,female,167.6,67.6,19.9,moderate,71,10627,2176
23,male,171.2,72.2,25.9,moderate,72,8897,2839
43,male,169.2,78.0,20.2,light,69,7475,2534
38,male,177.8,79.5,12.1,light,62,7146,2522
26,female,158.8,60.0,23.2,moderate,58,10685,2346
47,female,163.6,64.3,34.3,sedentary,73,2428,1489
33,male,180.3,87.5,21.6,moderate,65,9817,3180
26,male,183.0,73.5,13.4,moderate,80,10475,3083
49,female,164.6,69.9,27.8,very,86,8121,2382
26,female,159.9,82.9,19.8,light,82,9063,2311
50,female,163.4,63.4,21.2,moderate,77,13531,2207
25,male,176.0,65.6,9.4,sedentary,58,4136,2139
38,female,161.0,82.6,33.5,very,70,14014,2991
56,male,172.7,89.9,24.9,moderate,75,10177,2941
28,female,165.4,63.2,25.7,moderate,84,8353,2353
54,male,178.0,73.5,17.5,moderate,72,8779,2748
52,male,174.3,61.4,18.7,light,57,7735,2258
61,male,170.4,89.3,29.1,moderate,51,7053,2731
26,female,156.9,70.8,21.7,very,75,9348,2628
52,female,161.5,77.7,24.4,sedentary,77,2523,1708
62,male,181.9,79.1,15.0,athlete,77,16968,3573
54,female,169.5,78.0,22.6,very,64,9835,2931
27,male,169.0,65.6,18.1,athlete,64,14323,3397
57,male,180.7,60.5,14.1,very,68,11733,2889
23,male,171.1,65.2,17.0,light,68,4178,2387
46,female,162.4,49.7,22.4,moderate,58,4120,2002
41,male,182.1,69.2,14.0,sedentary,76,1768,1928
43,female,163.1,70.7,14.4,moderate,81,9521,2512
42,male,172.1,68.0,21.5,sedentary,66,3583,1953
19,male,175.3,87.1,13.9,very,60,13235,3884
42,male,183.0,65.7,23.5,light,75,7097,2443
62,female,156.2,45.0,29.4,sedentary,69,2248,1200
38,male,166.6,78.6,17.2,sedentary,68,1991,2011
31,female,161.4,46.3,19.5,moderate,89,9750,2217
65,female,157.3,72.8,18.8,sedentary,82,2745,1561
22,male,188.2,70.9,19.9,sedentary,72,4088,2253
41,female,164.1,52.2,29.2,sedentary,62,3457,1594
42,female,155.5,70.1,21.5,light,67,8310,2005
40,male,177.5,58.4,23.6,very,72,10836,2889
62,male,188.6,67.9,12.0,light,56,7921,2278
38,male,186.0,75.2,17.4,light,71,9662,2840
64,female,161.7,70.4,32.0,sedentary,66,3064,1450
21,male,167.9,74.0,13.6,sedentary,67,3599,2152
53,female,167.8,54.1,20.0,light,89,4325,1778
46,female,160.0,70.6,21.1,sedentary,72,4072,1699
29,female,167.0,71.1,8.0,sedentary,74,4354,1744
28,male,166.1,75.6,16.4,sedentary,64,2406,1963
52,female,154.1,68.1,31.3,light,55,7055,1946
48,male,170.3,77.6,26.9,moderate,69,9560,2697
47,male,181.3,66.2,21.2,sedentary,68,3468,1775
20,male,180.6,61.8,19.7,moderate,67,10624,2918
46,male,176.9,75.2,15.9,moderate,61,10037,2745
65,male,165.5,68.9,18.2,very,62,11652,2834
18,male,172.8,80.5,18.8,sedentary,66,3999,2260
40,male,169.8,61.2,20.0,moderate,63,11223,2603
41,male,181.1,87.8,21.7,very,73,10614,3445
61,female,172.4,55.1,24.8,athlete,79,14994,2544
31,male,182.4,80.3,10.7,very,68,7578,3237
40,female,159.7,81.1,13.0,sedentary,52,3700,1823
52,female,158.0,75.5,24.0,very,68,15057,2617
20,female,163.5,48.6,28.4,very,62,11356,2563
56,female,152.0,78.5,28.6,light,72,6240,1936
57,female,166.2,78.5,30.3,sedentary,62,2735,1590
52,female,156.3,53.3,15.7,very,75,11040,2153
49,female,164.2,45.0,25.3,sedentary,78,3278,1393
53,female,158.9,64.3,23.4,moderate,80,7431,2053
55,male,175.2,71.3,16.8,light,64,5576,2321
61,male,172.9,82.3,19.7,moderate,62,7190,2759
38,female,161.0,56.3,21.0,sedentary,59,3706,1813
39,male,176.6,92.4,23.0,moderate,74,9478,3248
48,female,170.3,45.0,32.0,moderate,79,8137,1806
27,male,178.0,87.1,17.7,very,81,12092,3524
59,male,180.1,94.6,8.3,sedentary,63,2735,2193
54,female,167.1,76.5,27.8,sedentary,69,4372,1843
48,female,168.8,78.0,22.3,sedentary,52,2470,1701
32,female,157.0,74.5,22.5,sedentary,63,3762,1747
34,male,172.9,89.4,23.9,athlete,61,12884,3701
38,female,151.1,73.6,28.2,sedentary,63,3977,1654
49,female,168.7,70.1,20.2,light,64,7867,2035
55,female,174.4,48.3,18.4,very,93,14711,2371
50,female,162.5,45.0,31.8,light,67,8647,1591
62,female,150.0,75.4,23.9,light,72,6526,1972
64,female,165.7,63.2,24.1,moderate,72,11475,2230
51,male,188.7,75.7,18.3,light,60,8923,2441
35,female,158.0,62.9,21.0,very,65,9194,2488
46,female,165.8,68.6,22.2,moderate,81,7793,2141
38,female,163.5,64.2,26.8,light,73,3307,2038
48,female,159.1,49.5,15.8,moderate,58,11122,2181
56,female,158.1,83.9,26.3,very,69,8228,2632
35,male,163.8,81.6,22.3,light,64,2796,2295
42,female,159.5,61.6,30.1,moderate,68,6805,2064
20,male,170.2,63.1,13.0,light,62,2871,2241
53,male,189.2,106.8,14.7,moderate,76,9544,3361
41,female,164.0,53.7,15.4,moderate,74,6830,2196
40,female,160.9,68.2,24.4,sedentary,73,971,1717
43,male,174.6,95.1,8.0,light,67,5924,2794
28,male,174.8,64.0,23.2,sedentary,65,3020,2024
46,male,170.9,74.5,25.5,moderate,63,5260,2505
53,male,175.8,95.3,26.3,moderate,69,7572,2928
34,male,177.2,55.6,23.2,light,60,5865,2243
24,male,169.5,84.7,24.0,sedentary,66,2571,2107
36,female,165.4,67.1,22.9,very,75,11176,2717
27,female,168.8,45.0,19.5,light,80,8122,1986
35,female,157.7,59.0,18.5,light,74,9863,2056
48,male,174.4,97.3,21.1,sedentary,68,2624,2323
23,male,185.8,71.3,17.3,moderate,65,6356,2739
53,male,173.6,72.6,17.1,light,77,5577,2434
28,female,173.4,67.1,23.9,very,73,12485,2725
60,male,165.8,64.9,13.0,moderate,85,8893,2407
53,male,171.9,82.8,27.2,sedentary,65,3732,2145
31,male,176.5,64.7,27.4,moderate,72,13423,2918
45,female,163.7,45.0,26.1,light,77,2916,1454
23,male,176.6,70.0,19.4,sedentary,76,2391,1995
22,male,184.7,63.4,13.1,moderate,59,12082,3001
63,female,152.6,72.4,27.0,light,62,5060,1855
56,female,161.6,45.0,34.1,very,70,13973,2066
25,male,174.6,74.7,10.4,moderate,68,10261,3010
31,male,191.7,78.4,20.3,light,63,8226,2615
27,female,164.6,65.1,28.7,athlete,60,20740,3313
36,female,168.5,74.0,31.5,moderate,75,9666,2451
31,female,159.9,48.6,21.3,sedentary,53,905,1439
33,male,191.3,65.5,28.2,moderate,68,7599,2839
43,male,180.7,78.9,16.8,athlete,54,21558,4000
27,female,156.6,66.0,28.3,light,77,3454,1975
60,male,183.7,60.5,18.4,light,57,6894,2152
52,male,179.8,67.3,14.8,light,70,1473,2200
54,female,157.8,66.0,30.3,light,83,3567,1992
26,female,164.6,53.5,21.6,sedentary,67,4064,1724
51,male,173.1,68.9,19.1,moderate,79,9071,2623
58,female,152.5,92.3,31.1,very,70,11058,2706
26,male,161.2,58.7,15.7,moderate,69,7371,2438
54,female,164.5,58.7,25.8,sedentary,81,604,1507
35,female,157.1,45.0,29.3,light,88,7248,1636
55,male,180.2,75.9,19.6,sedentary,59,2660,2018
40,female,166.7,80.5,26.2,light,77,3260,2285
56,male,172.5,70.7,22.9,moderate,67,9060,2628
25,female,153.5,61.3,17.0,light,72,7046,1872
36,male,175.8,73.3,15.1,very,69,11498,3421
31,male,181.9,79.8,25.8,light,53,6208,2817
29,female,159.5,63.0,22.4,moderate,50,9076,2370
32,female,156.4,61.0,25.2,very,83,10233,2618
36,male,182.4,83.9,17.1,moderate,80,9108,3042
24,female,154.9,58.7,25.5,very,67,13838,2685
51,female,167.3,59.3,25.4,very,68,14586,2504
44,male,166.4,79.5,23.6,moderate,58,10581,2693
57,female,168.6,66.9,28.4,light,72,4784,2157
51,female,159.6,86.3,20.4,light,69,7145,2060
25,male,169.7,87.2,27.6,very,74,13163,3551
21,male,173.8,78.5,22.3,sedentary,57,2148,2219
38,female,150.0,54.3,18.0,very,69,10839,2325
41,male,180.2,93.5,25.1,light,75,7223,2766
29,female,161.0,57.8,31.9,moderate,57,11753,2325
55,female,166.9,69.0,22.5,light,62,2738,1879
45,male,176.9,84.1,25.4,athlete,58,19920,3926
53,male,174.3,75.8,13.4,sedentary,66,4396,2037
23,female,166.9,89.1,22.5,light,61,6358,2464
57,male,166.4,78.9,21.9,very,79,11398,2883
27,male,177.5,73.1,31.1,light,51,6702,2755
39,female,168.1,72.6,26.6,light,69,4846,2153
39,female,153.2,82.6,39.4,very,68,11555,2830
57,female,166.3,50.6,14.7,very,60,8312,2084
31,female,157.4,78.7,20.1,sedentary,76,910,1672
29,female,152.1,55.1,23.5,moderate,81,13664,2349
34,male,174.5,62.5,18.0,light,73,6113,2299
35,female,162.0,70.6,35.8,light,56,6366,2155
26,female,157.1,77.3,32.7,moderate,79,8938,2402
26,female,164.3,53.5,20.2,sedentary,84,2006,1739
29,female,151.2,59.9,20.9,light,50,5447,1955
40,male,176.4,72.9,15.3,light,58,6164,2427
34,female,170.2,63.1,20.3,very,84,11508,2745
36,male,178.4,84.9,18.0,moderate,70,7495,3071
52,female,155.7,99.4,23.5,light,84,6863,2198
29,male,181.2,81.3,23.5,very,73,12470,3656
61,male,185.0,90.0,19.4,very,63,12982,3466
54,male,182.0,84.2,11.0,light,66,7269,2505
26,female,162.9,61.7,25.3,athlete,79,14488,2880
33,female,168.6,55.6,18.4,light,77,5696,2034
26,male,174.5,101.6,23.6,light,77,8668,3005
31,male,171.8,88.8,24.5,light,67,4300,2669
35,male,167.0,56.3,26.9,sedentary,62,751,1750
24,male,171.9,109.3,18.7,moderate,69,10111,3385
18,female,159.7,57.6,26.3,moderate,82,7741,2334
39,male,170.3,95.9,10.7,very,71,9306,3423
51,male,172.8,78.3,20.1,light,70,7593,2444
32,male,183.2,90.7,12.6,sedentary,53,2826,2600
59,male,176.4,69.7,17.7,light,50,3725,2275
35,female,156.1,69.3,23.8,sedentary,61,5321,1852
61,female,160.7,75.5,22.1,very,82,7973,2742
29,male,173.0,96.9,13.7,moderate,64,8826,3265
43,female,164.1,74.2,23.6,moderate,64,5221,2326
54,male,176.8,89.2,15.4,moderate,80,9541,2903
20,male,178.0,52.0,13.2,light,76,4846,2215
62,male,189.5,77.0,28.5,sedentary,72,3983,1894
35,male,169.1,82.9,23.3,light,57,5968,2618
41,male,181.0,80.7,19.7,very,58,15376,3333
48,female,161.7,45.0,26.7,light,72,5226,1704
48,female,173.5,69.9,21.4,sedentary,62,1074,1687
19,female,160.3,75.6,32.7,moderate,84,9475,2625
59,male,183.9,92.2,19.5,light,74,5545,2611
47,male,169.0,50.7,8.0,moderate,70,5361,2365
65,male,174.9,85.1,30.1,sedentary,63,1733,2122
40,male,162.9,74.0,18.9,moderate,60,7525,2646
47,male,166.2,67.1,19.7,light,58,8799,2208
39,female,157.9,58.2,26.0,very,59,13768,2597
60,female,156.1,57.6,38.6,moderate,77,8304,1842
57,female,158.2,62.3,23.4,sedentary,89,3565,1350
61,female,162.6,62.2,26.5,moderate,58,4921,2014
42,female,160.7,83.7,36.4,moderate,73,7870,2637
55,female,166.3,61.1,15.9,moderate,62,9801,2135
35,male,180.2,77.0,25.2,very,67,12413,3390
40,female,156.1,59.2,20.2,very,81,10651,2360
54,female,157.6,59.1,29.9,light,72,5931,1825
21,female,153.4,48.0,15.3,light,58,6608,1920
52,female,174.2,49.3,28.6,light,61,5983,1749
18,male,183.7,65.4,15.9,moderate,60,10722,2881
45,female,164.9,66.8,37.1,athlete,57,15956,2827
40,male,181.6,88.0,17.7,moderate,80,10022,3214
40,female,162.0,47.1,27.2,light,70,9084,1703
41,female,165.1,59.5,33.2,very,71,14068,2634
41,female,160.5,51.3,28.2,moderate,73,12481,2235
37,male,184.3,62.3,19.1,light,58,4790,2286
39,female,175.9,75.8,18.1,very,78,8018,2813
45,female,156.3,60.5,21.6,light,62,5747,1917
54,male,179.1,82.6,25.6,moderate,62,8548,2780
44,male,167.9,92.9,22.6,light,67,8626,2592
48,female,171.6,69.6,12.2,very,75,9174,2611
58,female,168.3,57.4,23.7,light,80,5858,1919
65,female,161.2,66.6,25.2,light,65,6729,1995
23,female,162.2,56.7,28.3,moderate,64,9200,2289
52,male,175.3,76.4,22.1,very,69,11571,3043
28,female,167.3,70.2,26.1,sedentary,51,3430,1945
27,male,175.9,82.1,17.4,light,62,7942,2534
56,female,160.4,66.8,14.1,very,69,15839,2620
21,male,169.3,84.7,24.3,moderate,56,9065,3066
58,female,160.9,70.4,19.8,light,62,4531,1996
54,male,183.5,89.9,17.8,light,66,8762,2851
65,female,162.1,69.8,33.4,light,77,4060,1711
50,male,180.5,80.2,13.7,moderate,60,12581,3006
59,male,177.0,60.1,14.6,moderate,72,11688,2490
23,female,165.5,56.3,32.8,moderate,73,11978,2378
60,male,170.3,80.3,20.6,sedentary,67,3822,2064
25,female,160.8,45.0,12.4,very,62,6718,2185
33,female,157.8,64.3,19.9,sedentary,66,1753,1636
24,female,165.9,56.8,17.3,very,79,12767,2762
37,male,177.3,85.3,13.5,sedentary,61,2189,2355
53,male,176.3,80.0,20.2,sedentary,79,2621,2078
30,male,179.8,58.3,16.5,sedentary,73,3735,1997
57,female,161.5,69.7,23.2,light,69,5694,1793
47,female,158.9,54.7,29.8,light,60,3805,1846
48,female,170.9,69.1,25.9,moderate,67,10771,2478
63,female,164.9,59.4,25.9,very,58,13287,2394
38,male,177.9,68.4,16.8,moderate,72,8502,2760
34,male,169.9,68.7,20.3,moderate,66,10422,2805
65,male,177.6,71.5,14.2,light,62,6171,2332
44,male,179.7,78.2,9.7,very,53,15328,3465
47,male,170.3,79.8,10.3,sedentary,71,3181,2215
32,male,175.4,75.7,15.9,light,74,8383,2611
28,male,170.6,72.9,11.4,sedentary,59,751,2191
26,male,171.3,73.8,16.3,light,58,6826,2625
28,female,160.1,63.2,22.8,moderate,69,8204,2304
27,female,164.5,61.1,16.3,sedentary,63,1969,1504
53,female,164.8,64.0,27.9,sedentary,73,4390,1632
20,male,178.8,117.5,28.7,very,64,14222,4000
48,male,188.8,83.1,20.0,sedentary,61,592,2071
63,male,173.7,61.4,16.2,moderate,65,10430,2475
54,male,196.2,88.1,17.2,light,61,7069,2762
37,female,159.1,47.1,29.3,very,51,10192,2330
20,female,168.5,68.7,23.3,moderate,78,7329,2473
58,male,172.2,75.5,15.3,sedentary,73,1091,1801
18,male,177.6,72.7,14.2,very,66,11156,3414
50,male,180.8,97.3,11.1,light,61,5680,2651
50,male,174.2,84.8,18.5,light,64,7434,2366
27,female,162.0,65.8,21.3,moderate,91,9538,2601
53,female,154.2,67.5,35.3,moderate,78,6880,2178
26,female,171.8,66.0,23.9,light,64,6429,2364
28,female,161.5,63.2,34.5,light,50,5542,2097
56,female,162.3,54.2,20.6,sedentary,76,1878,1462
64,female,170.1,69.2,25.1,moderate,70,5820,2187
30,female,166.0,69.7,29.8,athlete,73,16874,3192
62,female,156.7,67.0,29.0,light,67,6803,1876
61,male,193.7,80.5,12.0,athlete,77,16670,3705
54,female,165.0,81.8,22.1,sedentary,66,2126,1658
24,female,158.3,58.8,25.5,moderate,76,9342,2255
32,female,150.0,77.8,32.5,very,66,8561,2792
50,female,161.7,57.7,20.8,moderate,66,7026,1910
65,female,153.1,76.1,28.4,sedentary,56,3040,1448
57,female,171.7,77.3,23.7,light,70,6472,2179
38,male,179.7,82.1,23.8,sedentary,60,1045,2100
29,female,156.6,81.6,25.5,moderate,78,6884,2562
64,female,157.8,69.7,20.3,athlete,63,13903,2800
31,female,150.7,56.2,23.4,light,67,7725,1911
34,male,170.7,80.0,19.3,sedentary,66,2024,2040
64,female,168.1,76.3,24.4,light,67,6253,2149
44,male,166.7,99.5,16.5,moderate,65,9490,3182
30,male,182.4,76.3,23.5,moderate,83,8500,2983
18,female,161.4,63.6,26.7,light,53,6482,2109
38,female,159.4,67.0,20.4,moderate,81,6310,2266
65,female,156.3,59.9,20.1,sedentary,78,2213,1343
38,male,180.4,96.5,10.6,moderate,64,11868,3150
51,female,160.9,67.3,18.9,light,50,8708,2073
30,female,174.7,64.4,25.7,sedentary,67,4011,1899
55,female,170.4,76.9,27.2,moderate,58,11200,2273
55,female,151.6,61.3,23.1,moderate,80,5348,1955
47,male,177.7,78.9,16.9,light,61,4292,2600
55,female,158.0,48.3,20.3,moderate,73,8377,1742
45,male,164.5,82.1,13.6,moderate,50,13831,2932
36,female,161.6,75.5,20.7,light,83,5436,2103
53,male,179.0,81.0,16.5,athlete,82,17234,3854
58,male,179.8,80.5,16.6,very,66,12945,3335
58,female,163.4,56.1,21.9,sedentary,72,3427,1372
28,female,165.7,70.7,25.6,very,74,11941,2879
50,female,162.0,58.8,29.0,moderate,65,6599,2271
18,female,162.7,62.3,22.9,sedentary,82,-241,1597
45,female,155.7,73.8,30.4,moderate,75,11563,2399
45,male,165.0,71.7,8.0,sedentary,83,2260,1953
35,male,169.2,65.1,15.0,moderate,63,5265,2483
65,male,175.6,90.2,12.2,very,72,13094,3466
60,male,166.7,66.4,24.0,light,63,6753,2095
19,male,174.2,69.6,15.8,moderate,82,10535,2804
28,female,167.6,62.0,17.6,light,79,8008,2067
27,female,162.4,51.1,15.0,moderate,71,7162,2187
61,female,155.0,81.4,20.4,very,53,9812,2486
42,male,182.2,65.9,16.0,light,68,5426,2382
52,female,160.7,54.4,19.2,moderate,57,10643,2123
56,female,163.5,67.6,15.7,light,70,2215,1673
54,female,159.1,55.4,19.5,moderate,68,9256,1953
22,male,172.9,84.5,12.9,moderate,73,10864,3182
24,male,182.7,78.9,12.2,moderate,61,10781,3208
36,female,152.1,60.3,24.2,light,89,7275,1832
34,male,172.6,68.2,19.5,moderate,67,11126,2823
53,male,178.4,93.5,10.9,moderate,74,3505,2851
25,male,177.2,87.2,21.8,moderate,71,12226,3322
35,female,159.6,45.0,15.3,moderate,77,9660,2065
29,female,154.0,60.6,19.9,very,64,15336,2600
27,male,175.3,74.4,19.5,light,62,3885,2515
26,male,174.6,64.5,21.2,sedentary,74,895,1918
27,female,158.7,73.6,30.2,athlete,82,20359,3378
45,female,159.4,77.0,26.2,sedentary,80,1888,1760
37,female,165.2,50.9,34.5,very,50,11222,2636
38,male,178.3,60.3,10.3,moderate,57,10054,2642
41,female,157.3,50.8,31.4,very,69,13932,2344
53,male,183.5,73.5,26.8,moderate,50,11156,2784
59,female,167.3,66.5,24.4,very,50,12558,2438
43,male,182.0,67.5,14.4,moderate,53,6891,2645
48,male,185.0,85.8,16.4,moderate,53,10413,3137
53,male,175.6,77.2,24.1,light,65,7300,2506
51,male,163.4,84.9,11.6,sedentary,69,821,1999
24,female,164.4,55.8,22.9,light,70,8553,2020
65,male,176.8,68.6,28.8,athlete,61,7538,2971
25,male,170.9,79.4,19.6,light,57,7861,2539
37,male,168.6,62.8,20.3,moderate,62,7731,2505
49,female,160.3,56.8,31.0,moderate,70,10411,1988
37,female,164.2,53.5,17.3,light,62,6918,2014
29,female,160.1,60.8,23.8,athlete,59,14888,3106
62,female,167.2,69.3,26.2,sedentary,68,3541,1433
21,female,152.5,66.2,27.3,moderate,80,8827,2385
29,female,158.8,84.7,30.1,light,62,7285,2355
65,male,181.1,69.9,16.5,sedentary,72,5622,2002
53,female,158.2,69.7,28.3,light,70,3585,1781
22,female,160.6,65.1,20.3,moderate,87,2623,2325
54,female,156.7,73.2,26.8,sedentary,73,2501,1652
64,male,180.2,78.5,13.0,very,61,10789,3180
22,female,157.6,63.4,34.4,moderate,76,8244,2262
37,male,166.9,74.5,18.7,sedentary,69,1888,1849
40,male,182.8,91.2,16.5,light,79,7570,2827
24,female,157.8,71.1,17.1,sedentary,59,1342,1644
27,male,176.8,83.0,18.3,moderate,67,9901,3201
26,male,176.8,49.9,16.5,moderate,62,10276,2388
26,female,168.3,64.8,21.8,sedentary,56,3379,1745
37,male,177.4,83.6,8.0,moderate,61,9974,2973
40,female,181.4,62.7,26.4,light,64,7708,2123
29,male,165.6,83.1,11.8,moderate,60,9107,2975
31,male,181.1,88.9,18.3,sedentary,57,2584,2362
27,female,156.7,97.3,32.3,sedentary,81,3583,2160
56,female,161.4,77.2,30.5,light,80,7080,2130
28,male,174.7,72.3,23.8,moderate,72,10779,2910
61,female,172.3,71.3,20.9,moderate,72,5575,2430
43,female,170.9,71.7,27.8,light,75,5669,2247
56,male,172.4,79.2,19.7,light,67,4082,2284
48,female,154.5,52.4,18.7,moderate,60,10121,1977
30,male,170.5,98.1,9.1,sedentary,64,3872,2364
46,female,154.6,73.1,19.7,moderate,64,8451,2314
31,female,153.1,48.9,32.8,light,82,4687,1597
23,female,163.4,57.8,28.2,light,79,7074,1953
30,female,165.1,70.7,18.2,moderate,60,8733,2259
31,male,167.4,92.2,19.3,light,58,8567,2717
24,male,177.3,91.6,19.1,moderate,67,12545,3442
19,male,186.3,73.0,23.8,sedentary,68,4200,2275
63,female,156.1,88.5,23.8,light,65,6418,2087
42,female,161.4,49.6,18.1,moderate,82,12651,2165
37,male,155.8,71.5,9.5,sedentary,75,3288,1809
62,female,150.0,64.4,28.3,moderate,71,8041,1965
28,female,166.4,53.7,26.7,moderate,72,7649,2296
37,female,157.5,64.6,25.6,athlete,60,12889,2858
58,male,182.6,84.8,21.4,light,63,5988,2620
48,female,168.7,63.0,21.3,light,79,6833,2096
37,female,158.3,56.6,26.1,light,83,3452,1832
30,male,172.4,83.5,15.2,very,78,10877,3304
19,male,161.6,65.8,17.4,light,73,6383,2327
22,male,167.1,70.9,25.2,light,66,7158,2674
25,male,181.7,103.9,26.5,moderate,53,8948,3485
55,female,159.2,55.4,8.0,sedentary,73,3293,1452
48,female,159.4,48.1,31.4,moderate,76,6522,1778
38,female,173.9,63.3,29.7,light,57,4358,2003
55,male,187.2,66.6,16.7,moderate,58,8878,2766
25,female,164.3,51.5,16.4,moderate,50,10021,2249
28,male,171.1,93.0,17.4,light,60,6416,2704
36,female,167.4,47.2,27.7,moderate,50,7302,2016
62,male,169.8,59.3,17.1,moderate,73,8526,2466
47,male,182.1,84.5,12.4,sedentary,66,4814,2315
58,female,156.3,64.6,25.5,very,71,13360,2475
29,male,182.5,96.5,20.7,moderate,86,8674,3351
58,female,167.6,72.6,27.2,very,73,9435,2446
21,female,172.6,65.0,30.0,moderate,86,7573,2521
28,female,164.9,58.1,12.5,light,74,6011,2090
43,female,156.6,67.0,17.6,light,80,6496,1919
20,male,171.5,75.7,12.0,light,66,7018,2692
59,female,176.6,48.6,31.5,sedentary,62,3465,1519
59,male,170.9,67.7,24.5,light,62,5333,2244
43,female,170.8,68.5,24.0,light,52,5080,2050
32,male,178.1,75.3,16.8,sedentary,62,5456,2306
22,male,174.6,75.1,14.0,very,56,10608,3168
47,female,165.7,55.8,30.2,sedentary,77,1449,1484
43,male,176.1,78.9,23.7,moderate,67,5722,2845
54,female,157.4,63.9,42.8,moderate,56,8293,2125
46,female,157.1,55.6,20.6,moderate,82,10879,2214
24,female,167.9,68.9,37.6,sedentary,59,2308,1802
23,female,169.1,64.3,29.5,moderate,73,11955,2512
55,female,171.1,58.7,18.8,moderate,73,8985,1997
25,male,178.6,72.7,20.3,very,76,14773,3389
63,male,178.4,81.9,16.2,light,67,4636,2424
23,male,179.9,56.2,15.2,sedentary,75,2109,2032
52,female,170.1,60.9,30.0,moderate,61,9182,2074
64,male,171.9,74.6,22.7,light,63,6868,2394
39,male,171.5,67.7,20.3,moderate,74,8642,2578
20,male,179.5,97.6,20.5,moderate,71,9584,3379
60,male,173.8,78.2,14.8,moderate,62,10176,2687
26,male,176.0,80.1,18.9,athlete,56,10738,3738
43,male,182.6,72.2,11.3,moderate,63,8318,2822
65,male,181.0,77.8,17.4,very,59,10703,3131
53,male,173.9,63.4,8.0,moderate,78,8059,2690
20,male,170.3,76.0,10.2,sedentary,71,3488,2219
57,male,182.9,66.8,16.4,moderate,58,7990,2555
25,female,163.5,45.0,23.0,moderate,75,4989,2034
53,male,163.8,47.3,9.0,athlete,58,14290,2972
47,male,172.8,64.5,11.8,light,60,4084,2243
31,male,176.2,95.6,19.1,light,63,6893,2923
38,female,157.0,59.9,31.2,very,88,14014,2380
23,female,162.1,86.7,24.3,sedentary,72,390,1976
65,female,171.8,81.8,13.8,moderate,63,7451,2375
29,male,179.1,86.1,16.3,moderate,57,9706,3075
32,male,175.4,72.6,15.4,sedentary,53,1309,2038
42,male,170.3,65.6,18.4,sedentary,78,3939,1947
50,female,165.4,66.6,18.7,very,79,14623,2598
42,female,164.3,59.5,25.4,sedentary,75,2805,1604
42,female,164.4,56.8,31.4,moderate,72,7452,2105
45,female,163.8,66.5,30.6,moderate,75,4378,2222
59,female,172.1,60.3,34.5,moderate,79,10628,2237
36,female,168.6,73.7,35.4,light,82,9604,2319
57,female,155.6,45.6,12.7,sedentary,74,5154,1432
55,male,173.3,98.4,13.1,very,58,11512,3500
64,male,178.4,65.7,24.0,sedentary,79,1688,1799
61,female,163.9,60.9,28.8,light,78,7507,1622
56,male,163.6,65.6,19.4,very,62,11682,2823
29,male,172.6,63.2,13.6,light,57,6860,2275
55,female,163.2,66.6,23.7,light,63,6544,1907
53,male,186.8,75.6,11.1,athlete,68,15279,3657
31,female,150.0,58.4,16.1,sedentary,67,4234,1707
50,female,161.5,60.3,17.4,sedentary,69,4278,1754
30,male,173.4,55.7,19.6,light,90,5059,2116
43,female,154.9,57.3,32.2,moderate,74,7153,1889
56,female,170.6,65.1,24.8,very,59,5752,2406
27,female,165.0,62.2,20.3,moderate,75,8307,2378
34,male,168.6,85.4,16.9,athlete,72,11720,3543
56,female,158.6,80.9,30.7,sedentary,63,3503,1735
39,female,163.8,69.2,20.6,moderate,77,8328,2416
64,female,167.9,61.2,18.1,sedentary,61,2727,1375
18,male,169.4,78.7,23.4,very,64,14029,3358
52,male,172.6,80.4,12.2,very,68,12993,3133
57,female,167.2,60.6,19.2,light,55,5789,1810
62,male,170.6,79.8,21.5,very,67,16216,3246
25,male,171.3,73.7,15.4,moderate,67,10476,2897
65,male,167.9,61.9,11.9,sedentary,76,2500,1698
36,male,176.2,86.1,8.1,moderate,52,8257,3242
34,male,174.6,71.2,14.9,athlete,58,17365,3539
35,male,159.2,73.1,20.6,light,65,6365,2265
48,female,173.5,94.6,26.0,sedentary,75,1654,2073
49,male,168.5,92.8,18.5,athlete,61,17684,3938
40,male,178.4,77.5,10.6,light,75,8263,2620
21,male,166.0,78.9,16.8,light,63,8126,2800
65,female,158.7,72.6,29.6,moderate,71,12085,2304
28,male,173.0,83.6,17.6,moderate,61,13138,2958
22,female,162.0,58.2,33.3,light,75,9113,2103
46,female,172.7,77.8,11.9,sedentary,60,3408,1805
37,female,166.5,72.4,19.9,very,79,11478,2930
47,female,163.8,63.1,33.9,light,67,2706,1909
60,male,164.7,61.4,11.4,moderate,63,9021,2202
22,female,158.3,66.8,28.2,very,79,13297,2925
31,male,174.9,75.5,16.2,sedentary,61,3052,2224
42,female,167.4,69.0,13.5,very,86,7279,2540
55,female,161.9,58.2,29.8,moderate,80,8426,2040
46,female,160.1,63.3,31.4,very,67,13613,2690
36,female,160.5,84.8,21.0,light,74,4153,2004
47,male,173.1,74.9,25.5,light,71,6298,2435
65,female,169.4,73.7,26.2,moderate,79,9863,2435
41,female,158.0,70.4,11.8,very,72,14794,2721
60,female,158.0,67.7,27.3,athlete,96,20137,2956
55,male,170.3,72.8,20.3,light,65,5319,2263
32,female,171.2,74.0,32.0,moderate,75,9367,2510
29,male,178.0,76.1,13.3,sedentary,59,3258,2096
54,male,174.8,86.4,23.9,moderate,50,10298,3002
27,male,171.5,80.4,14.0,very,60,13343,3349
34,female,156.4,68.9,30.6,moderate,70,11850,2273
29,male,171.4,76.9,15.8,light,65,1803,2405
47,male,167.5,63.2,18.7,athlete,63,16254,3188
32,male,162.9,76.7,11.1,sedentary,58,3584,1944
49,female,152.3,49.6,22.8,light,62,5576,1607
62,male,167.7,82.6,13.6,moderate,76,4471,2642
57,female,163.7,56.4,25.2,moderate,78,8878,2037
63,female,165.7,66.3,18.6,moderate,66,7578,2016
19,female,164.6,90.7,11.6,moderate,61,12355,3022
39,female,169.1,55.4,26.4,sedentary,83,3450,1712
28,male,162.0,68.8,13.3,sedentary,72,2045,2162
62,male,171.5,78.2,18.9,moderate,57,4894,2692
52,male,177.8,80.2,12.9,moderate,74,10181,2775
33,female,166.4,73.8,15.1,moderate,70,10392,2649
45,female,154.1,59.7,27.6,light,64,5611,1807
47,female,162.0,71.5,23.7,sedentary,60,3724,1595
41,male,164.4,111.7,20.3,moderate,58,8303,3291
40,male,166.3,74.7,17.6,light,54,7920,2618
20,male,180.0,55.3,9.7,moderate,71,10985,2903
39,male,186.7,71.0,12.7,light,63,3049,2310
34,male,178.5,45.0,23.3,light,69,3488,2031
57,female,165.0,49.7,29.9,light,68,9656,1827
59,male,159.6,87.7,9.6,sedentary,69,4118,1852
54,female,169.7,69.1,23.5,moderate,58,6475,2072
19,male,175.9,72.4,15.2,light,58,3173,2493
58,male,172.5,89.1,13.6,light,69,6373,2523
37,female,170.2,85.4,24.4,athlete,88,11573,3149
37,female,152.1,55.0,20.3,light,73,5429,1789
63,male,175.8,75.3,8.2,moderate,53,8905,2765
59,male,181.6,69.0,13.8,light,65,5837,2264
20,male,176.0,74.5,18.6,light,77,8027,2652
35,female,154.7,69.6,22.1,sedentary,68,5201,1806
53,male,175.1,80.6,20.8,very,50,10802,3197
43,female,154.8,61.7,17.1,light,68,3964,1614
30,male,182.5,84.6,25.6,moderate,79,9777,3057
43,female,161.8,72.5,30.2,athlete,77,19894,3141
59,male,194.7,80.5,19.3,sedentary,68,2516,2067
28,female,158.2,85.2,33.2,moderate,82,10700,2854
53,female,157.9,57.4,22.4,sedentary,70,1995,1485
53,male,178.7,74.0,21.5,light,77,6038,2266
60,male,188.1,76.0,15.4,very,63,9095,3082
32,female,175.7,52.0,28.8,sedentary,61,3012,1760
28,male,163.8,69.4,8.8,athlete,58,14650,3381
44,male,184.8,94.2,19.7,moderate,67,10216,3309
43,male,172.6,95.3,15.9,light,50,9200,2920
37,male,175.8,87.0,23.7,sedentary,57,2533,2344
55,male,166.0,66.2,17.8,moderate,64,5000,2385
56,male,178.7,51.8,24.2,light,62,5636,2163
29,male,170.4,90.9,20.5,light,54,6538,2667
56,male,175.7,79.3,17.4,light,61,6363,2662
29,male,173.0,69.1,21.9,sedentary,67,2811,2067
37,male,188.5,92.1,22.0,athlete,64,19463,4000
19,female,162.0,64.0,34.0,light,56,6245,2071
34,male,175.3,72.9,8.0,light,70,5811,2507
64,male,175.4,84.3,13.1,moderate,62,7444,2796
39,male,172.4,64.6,24.9,moderate,75,5506,2450
52,female,169.0,78.1,38.5,very,87,12823,2731
23,male,172.7,91.1,22.4,very,80,12613,3601
48,male,172.1,80.5,21.5,sedentary,73,1728,2137
35,male,181.9,93.0,14.4,light,62,5920,2602
53,male,171.2,91.6,8.0,moderate,62,8712,2901
62,male,174.7,78.1,15.2,sedentary,66,2250,2080
43,male,163.9,50.0,28.4,moderate,69,7413,2136
22,female,156.8,62.1,20.5,sedentary,73,3486,1826
40,female,172.5,85.8,31.9,very,82,11435,2948
23,male,180.0,59.4,13.0,moderate,68,7818,2637
39,female,157.6,78.1,16.1,moderate,59,7276,2389
20,female,165.4,71.7,23.9,light,78,5766,2409
48,male,176.7,95.6,14.9,athlete,76,17773,3938
32,male,168.4,71.1,25.1,moderate,53,9413,2602
27,male,173.4,70.3,20.9,very,52,11407,3060
18,female,167.4,81.3,18.9,very,75,12771,3251
60,male,175.7,82.2,11.9,sedentary,76,4637,1954
58,female,161.0,67.6,31.5,sedentary,74,3588,1704
56,male,165.8,90.6,18.1,sedentary,50,3312,2107
20,female,161.2,82.4,26.4,moderate,87,10277,2739
34,female,156.1,50.7,24.8,moderate,52,8683,2075
64,male,189.4,83.3,12.4,light,55,6331,2451
45,male,184.5,73.2,11.8,athlete,66,13533,3584
24,female,170.9,50.9,25.8,sedentary,75,1139,1470
24,male,184.9,79.8,12.5,moderate,61,9685,3276
30,male,181.6,87.5,13.4,light,79,6624,2660
64,female,160.2,71.5,25.8,light,69,5482,1907
26,male,172.9,82.5,26.5,sedentary,74,4242,2161
61,male,182.7,70.4,16.7,moderate,72,7556,2569
50,male,178.9,70.4,17.2,moderate,63,5457,2571
62,male,165.8,92.7,20.5,light,63,4745,2721
57,female,155.6,62.3,19.9,moderate,86,5918,1958
33,female,156.7,52.0,23.0,moderate,79,9676,2026
57,male,173.4,80.2,19.4,light,59,4646,2303
26,male,183.0,49.5,18.6,moderate,78,10969,2525
31,female,156.1,72.8,21.4,light,66,7734,2123
28,male,171.5,89.5,22.6,very,66,9687,3636
24,male,181.2,76.5,12.6,moderate,63,7383,3018
22,male,181.8,79.4,19.9,sedentary,61,3641,2390
26,male,184.2,45.0,14.0,moderate,82,10959,2526
23,female,166.8,60.8,32.8,light,62,2377,1941
36,male,182.6,82.1,11.1,very,62,12704,3483
21,male,180.1,83.6,12.5,moderate,59,4604,2951
20,female,157.8,55.4,32.3,sedentary,73,2341,1645
65,male,175.6,75.5,23.0,moderate,64,11187,2772
22,female,157.7,53.3,24.1,sedentary,56,6611,1750
21,male,166.5,62.0,22.3,very,61,11402,3019
19,male,168.3,75.5,19.9,very,69,8882,3338
24,male,173.0,62.9,18.9,moderate,73,7973,2686
43,female,158.7,66.1,26.1,moderate,67,9132,2218
57,female,166.7,48.1,23.0,moderate,85,7659,2044
53,male,174.7,96.1,23.1,light,62,4335,2485
45,male,182.0,74.8,17.7,sedentary,60,2487,1903
22,male,182.6,80.6,17.4,very,57,12988,3481
55,female,166.3,75.7,29.7,light,75,5695,2081
19,male,179.2,56.5,17.9,light,59,4413,2454
48,female,159.0,45.0,22.9,sedentary,67,2195,1251
37,female,150.0,57.4,31.1,athlete,76,13758,2810
60,female,155.5,52.8,26.2,very,69,9501,2079
32,male,166.7,77.3,13.9,light,62,4727,2413
48,male,176.1,80.8,19.9,light,74,7158,2431
39,male,186.5,69.3,17.8,very,57,11424,3416
43,female,158.9,62.1,20.7,light,77,2843,1774
63,female,154.6,63.2,23.1,athlete,61,18074,2542
52,female,163.0,64.7,17.6,very,70,13041,2784
37,male,167.7,68.7,21.6,moderate,66,6233,2638
39,male,178.6,89.6,19.5,sedentary,65,2561,2344
51,female,162.1,54.4,22.2,moderate,77,7415,2160
34,female,152.8,81.2,21.9,athlete,65,17030,3301
26,female,158.3,62.1,25.4,light,64,5331,2071
40,female,159.6,60.4,17.5,very,76,11818,2500
21,male,172.9,76.4,18.3,light,51,5659,2642
26,male,178.1,87.5,13.6,athlete,70,10559,3853
38,male,174.6,75.9,20.9,moderate,68,11810,2934
56,female,166.9,66.0,30.1,sedentary,70,3794,1640
55,female,156.1,61.0,34.4,light,56,4654,1680
30,male,169.9,46.3,17.9,sedentary,50,3230,1804
38,female,165.8,61.3,32.8,light,66,7753,2068
25,female,157.2,69.6,24.9,very,57,12139,2848
54,female,167.1,71.4,34.6,light,50,8802,2153
29,female,161.0,62.7,22.3,athlete,78,23753,3435
56,male,186.0,95.9,23.4,sedentary,52,2848,2406
58,male,177.7,72.5,24.3,moderate,56,7834,2617
51,female,163.3,60.0,35.2,athlete,75,12031,2694
33,female,160.6,67.0,28.2,moderate,77,4572,2368
63,male,174.2,98.6,18.5,very,69,15120,3403
50,male,185.9,74.2,19.9,athlete,64,13939,3772
49,female,165.7,49.6,30.8,moderate,88,10750,1989
59,female,161.7,54.7,24.5,moderate,82,11152,2133
60,male,177.5,96.6,20.9,sedentary,55,1702,2188
21,female,164.1,63.2,21.9,light,72,4324,2039
60,male,165.6,83.4,27.4,light,77,9140,2309
54,male,181.6,115.4,18.5,very,56,11824,3936
27,female,150.0,71.4,20.8,moderate,73,7679,2203
32,male,181.0,62.4,13.8,moderate,62,6909,2543
54,female,154.7,69.0,31.1,very,63,11646,2581
28,male,176.2,66.3,27.1,sedentary,63,4809,2279
39,female,164.2,58.7,27.0,athlete,72,17056,2835
51,male,173.9,73.2,24.6,sedentary,64,3218,2079
49,female,154.8,58.7,28.9,light,64,8859,1924
61,male,173.1,61.3,20.8,moderate,84,11791,2507
23,female,172.0,74.9,24.6,light,60,6601,2460
32,male,186.2,81.6,20.7,moderate,78,14552,3249
65,male,182.3,75.3,21.7,moderate,76,8505,2744
45,male,169.7,87.1,14.3,very,69,14745,3269
29,female,156.0,60.4,23.5,sedentary,62,2528,1482
31,male,169.8,81.3,25.3,sedentary,65,4083,2309
34,female,161.1,76.4,38.1,sedentary,62,2701,1864
44,female,165.4,92.0,30.5,light,68,6830,2353
31,female,158.2,60.3,19.2,sedentary,71,5868,1898
47,female,161.0,60.8,37.2,light,75,7713,2096
39,male,173.2,80.0,11.4,very,72,13192,3359
47,female,163.5,58.2,25.2,very,72,10063,2239
25,female,165.0,63.6,30.4,very,60,12470,2745
47,male,179.1,72.3,18.1,sedentary,56,1790,1905
62,male,169.2,82.7,14.9,moderate,67,10773,2780
24,female,171.7,66.2,21.6,sedentary,76,4034,1773
33,male,175.8,70.7,22.3,light,65,5676,2313
51,female,164.7,77.7,27.2,light,78,8994,1955
47,male,173.8,73.8,12.1,very,63,15807,3240
50,male,184.7,72.1,16.3,moderate,60,9299,2576
44,female,165.1,62.4,31.4,light,67,7017,1931
50,male,180.0,70.2,18.9,moderate,64,7823,2756
47,female,154.7,52.9,25.2,athlete,67,14183,2443
21,female,161.3,71.4,25.9,sedentary,71,1706,1689
54,male,181.0,84.7,21.8,very,67,10804,3271
39,male,180.1,46.8,17.8,light,69,5812,2021
20,female,159.9,45.3,21.9,sedentary,54,1007,1479
37,female,152.6,62.6,13.5,very,88,13442,2428
38,male,174.5,83.4,30.8,sedentary,64,4226,2204
22,female,168.7,74.6,22.2,moderate,71,8984,2605
65,male,161.7,75.7,19.0,sedentary,60,-236,1729
28,male,177.4,76.8,20.8,moderate,66,8494,3117
33,female,159.2,80.4,27.1,moderate,78,6213,2489
39,male,178.9,94.1,18.0,very,74,10475,3590
57,female,168.2,78.4,19.5,very,81,15629,2802
53,female,164.3,54.6,28.7,moderate,81,4131,1924
55,female,164.9,54.2,33.2,light,69,4530,1672
29,female,171.0,72.5,18.4,sedentary,68,3995,1909
58,male,174.6,56.6,26.8,moderate,65,7596,2419
57,male,177.2,91.4,22.0,light,63,4598,2482
40,female,162.9,66.0,16.2,sedentary,74,5438,1704
44,female,158.6,75.7,21.5,athlete,80,16135,3034
19,male,176.4,66.3,14.0,light,68,7681,2484
54,female,160.9,65.6,20.3,sedentary,69,3593,1601
64,male,171.2,101.7,38.8,very,83,12404,3392
40,female,162.4,58.4,25.2,moderate,79,11528,2414
43,male,184.4,91.8,23.2,moderate,73,12810,3536
41,female,167.6,69.7,20.3,sedentary,89,979,1627
21,male,178.1,73.0,13.8,light,69,5936,2604
47,male,172.4,77.5,23.0,moderate,65,8913,2885
52,female,163.9,64.2,25.7,light,66,5227,1842
62,male,172.0,77.8,11.9,moderate,63,10962,2629
62,male,171.0,65.0,11.6,light,77,6462,2312
41,female,163.7,60.3,32.4,light,77,9465,2085
64,male,184.8,89.1,17.7,sedentary,72,4320,2239
43,male,181.8,81.1,18.5,light,65,8456,2787
48,male,191.9,60.2,17.9,light,56,3841,2346
46,female,165.8,73.4,28.3,moderate,50,7387,2354
65,female,164.3,66.1,30.8,moderate,56,7552,1991
53,female,161.5,74.6,24.4,sedentary,66,4587,1683
23,male,180.6,87.0,11.0,moderate,66,7065,3260
21,male,163.5,76.0,15.5,light,70,4311,2510
37,male,185.3,64.0,12.6,light,68,3981,2326
42,female,163.4,80.7,34.4,very,69,18882,3257
50,male,174.7,77.8,21.3,moderate,75,8715,2764
41,male,179.5,77.0,11.5,moderate,67,10059,3023
42,female,157.8,71.6,10.2,light,85,3946,1972
62,female,157.9,72.8,15.3,sedentary,83,4151,1811
34,female,170.7,80.7,22.6,moderate,75,5452,2630
41,male,162.0,59.5,20.1,moderate,60,7041,2397
44,female,159.7,84.5,29.9,moderate,72,7537,2473
40,female,161.4,71.2,17.1,athlete,73,15656,3051
64,male,170.1,88.0,19.5,light,61,4572,2303
64,female,162.2,51.2,22.2,very,64,15809,2139
42,female,164.8,68.1,32.2,moderate,66,10006,2408
39,male,177.3,87.0,18.4,light,63,4758,2548
46,female,163.1,67.1,27.7,sedentary,59,4197,1632
26,female,166.0,65.5,26.2,moderate,82,8213,2410
38,female,151.9,69.7,30.4,light,77,4937,1935
28,female,159.1,64.0,30.1,moderate,67,10791,2392
24,female,169.4,74.4,24.8,moderate,73,4094,2654
22,female,164.4,45.0,14.8,light,73,7322,1945
46,male,168.5,57.8,16.9,moderate,70,7573,2617
18,female,166.0,77.0,24.9,moderate,77,7570,2597
49,female,173.5,83.7,26.7,light,77,9524,2448
38,female,150.0,72.3,20.6,very,70,10671,2541
35,male,183.3,55.9,16.2,sedentary,73,4147,1910
54,male,170.4,73.4,10.8,athlete,84,15837,3605
43,female,167.6,65.0,19.5,sedentary,75,3459,1613
53,female,161.9,70.3,22.3,light,62,5549,1716
52,female,150.0,65.0,36.6,moderate,74,8394,1989
19,male,173.2,99.6,17.4,sedentary,69,4833,2329
28,male,184.4,85.9,8.8,light,65,7674,2716
45,female,164.2,53.9,18.8,sedentary,61,2400,1401
64,male,165.6,80.9,18.7,moderate,63,6908,2580
25,female,159.5,65.1,20.9,moderate,52,7831,2141
23,male,186.7,88.3,27.7,sedentary,58,4177,2573
63,male,174.4,62.0,13.9,light,72,8121,1981
64,female,172.5,70.1,22.1,light,74,6998,1981
26,male,173.1,83.5,12.7,athlete,63,10149,3676
37,female,150.1,53.7,20.2,sedentary,84,3904,1554
48,female,152.9,52.1,23.9,moderate,70,11607,2051
27,female,156.9,74.5,31.7,light,66,6312,2275
33,male,184.6,76.3,10.9,moderate,73,12959,3076
36,male,175.4,55.4,16.2,athlete,66,11037,3087
48,female,164.4,81.2,33.3,light,76,7232,2235
32,male,176.8,59.6,20.6,moderate,61,6959,2709
37,male,181.0,77.8,15.9,light,50,7905,2697
31,male,180.0,77.2,14.9,moderate,70,10225,3047
54,female,158.7,87.5,19.1,light,81,9242,2275
25,male,177.4,71.4,19.3,light,72,6899,2545
29,male,173.4,64.7,18.2,sedentary,68,2515,2025
29,female,160.0,73.5,13.8,sedentary,63,2410,1990
61,male,168.7,78.4,18.9,athlete,52,14249,3326
63,female,163.0,77.4,17.4,moderate,65,7978,2244
42,female,164.3,64.6,24.9,light,77,8424,1999
25,female,163.5,66.3,31.7,moderate,60,11551,2554
54,female,160.4,62.3,36.1,moderate,67,6006,1819
41,male,177.2,67.6,28.3,light,73,6069,2345
58,male,173.8,71.5,11.3,light,70,6112,2356
35,male,163.9,90.9,15.9,moderate,63,7437,2904
65,male,175.1,76.4,18.5,light,57,6788,2337
56,female,160.9,74.5,13.5,moderate,77,11921,2599
28,female,158.1,71.5,34.8,light,77,7605,2190
52,female,165.1,76.0,18.7,sedentary,76,4616,1560
31,female,158.7,53.7,33.3,moderate,75,7563,1966
34,female,164.3,48.0,28.2,moderate,76,9073,2070
30,male,179.0,90.4,27.1,athlete,50,12703,3869
50,male,161.5,70.7,25.0,sedentary,71,3287,1875
30,female,160.0,77.7,37.8,moderate,70,9658,2532
48,male,188.8,62.6,17.8,very,55,14399,3259
45,female,152.1,69.2,21.9,moderate,55,11626,2188
54,female,164.3,72.3,20.7,athlete,58,17066,2997
65,female,163.4,51.3,25.6,athlete,72,12419,2386
18,female,167.1,78.7,24.0,very,78,8619,3019
65,female,158.8,63.3,32.2,athlete,70,16560,2677
23,female,173.4,64.1,29.4,moderate,94,12001,2364
43,female,159.7,65.2,14.8,light,61,5955,1940
34,male,171.9,55.6,18.3,very,62,8181,2758
48,male,167.6,69.0,8.5,very,75,17211,3196
52,female,151.6,47.9,25.2,sedentary,79,3587,1387
59,female,171.2,68.2,26.5,light,75,6308,1996
37,female,170.2,45.0,32.2,light,79,3897,1754
62,female,165.6,62.0,30.9,very,70,12040,2539
33,female,156.6,76.9,20.5,light,84,7236,2287
27,female,172.9,70.8,24.6,light,81,6905,2287
36,female,159.9,75.4,22.3,moderate,62,7640,2633
43,male,161.4,64.3,23.6,sedentary,68,2931,1756
50,male,165.7,86.9,27.3,athlete,64,13151,3430
57,male,184.0,87.8,14.3,light,53,8995,2672
28,male,169.5,89.4,14.0,sedentary,62,4073,2266
32,female,163.5,60.6,24.9,light,82,5056,1702
63,male,173.8,92.2,18.0,moderate,66,6663,2767
39,male,167.6,72.1,19.1,moderate,65,9555,2767
29,male,166.4,85.8,16.8,light,61,5112,2565
65,female,160.3,59.7,16.4,light,71,5247,1610
39,female,168.9,79.1,16.7,very,60,9161,2850
65,male,169.8,48.9,12.5,moderate,72,6977,2129
62,female,162.1,64.7,19.1,moderate,88,9325,2194
61,female,156.0,70.4,22.0,light,68,5519,1770
45,female,163.4,67.6,37.6,athlete,69,22489,3253
56,female,168.1,68.6,20.6,moderate,72,10188,2204
64,female,164.6,62.9,27.1,light,60,3926,1686
30,male,174.0,71.2,20.8,athlete,77,10393,3626
19,female,157.2,61.6,31.1,very,86,12995,2604
33,male,178.3,71.2,17.6,moderate,70,8206,2764
48,male,179.7,90.4,10.7,moderate,74,11662,3002
44,female,164.3,52.6,26.8,light,65,6507,1724
21,female,177.4,62.8,36.6,moderate,79,5034,2445
44,female,152.9,71.5,20.4,sedentary,52,1776,1672
26,male,169.0,64.1,15.3,moderate,65,7649,2665
42,male,180.4,93.7,14.7,light,79,6795,2728
45,male,178.1,91.5,27.6,light,53,4105,2485
48,female,168.2,69.6,29.1,very,75,12382,2621
37,female,164.8,65.5,19.9,sedentary,81,1396,1495
37,female,162.9,78.4,21.8,very,81,12015,2947
50,female,166.8,56.8,26.3,light,68,6666,1930
53,male,181.5,84.6,14.8,sedentary,64,4753,2203
56,male,181.4,53.2,13.1,sedentary,65,3294,1812
34,male,174.3,74.1,18.2,light,69,4529,2514
38,male,184.7,97.4,8.0,light,64,8687,2943
33,male,176.6,75.4,16.4,light,67,5670,2644
43,male,179.4,95.9,17.5,moderate,68,10547,3113
24,male,177.0,85.8,11.2,light,58,4896,2654
38,female,154.0,88.4,25.2,sedentary,72,3108,1840
27,male,169.8,74.5,15.0,light,70,4557,2507
43,male,179.9,76.5,16.8,sedentary,72,3386,1973
58,male,194.9,66.6,15.0,sedentary,75,3964,2182
65,male,172.4,66.4,17.6,light,67,5109,2163
39,female,160.0,63.7,25.5,moderate,62,7897,2397
20,male,171.9,66.3,30.4,moderate,71,9713,2832
28,male,171.6,90.9,21.7,very,60,9937,3429
23,male,185.8,72.8,23.4,moderate,59,5964,3002
54,female,151.3,60.1,31.4,moderate,78,9706,2123
65,female,168.8,74.7,35.4,light,73,5806,1912
44,male,163.9,70.8,25.9,sedentary,68,2845,1707
26,male,169.7,84.8,22.0,moderate,73,10042,2883
19,male,163.0,53.4,18.7,light,59,7189,2254
64,male,179.4,83.3,19.8,light,68,5710,2579
33,female,165.1,46.2,36.1,athlete,71,11631,2438
23,female,167.2,74.0,22.3,sedentary,68,2233,1851
26,female,151.1,48.6,32.4,sedentary,76,3701,1444
30,male,181.3,85.5,9.9,very,56,12341,3741
49,male,169.9,62.4,19.0,light,54,5010,2365
60,male,184.1,64.0,12.4,light,66,4588,2236
31,male,173.0,69.7,18.0,sedentary,67,3741,2157
50,female,163.9,80.2,24.4,light,85,5601,2201
21,male,173.8,53.6,18.9,athlete,81,17258,3282
18,male,180.3,77.8,13.5,moderate,58,10758,3214
20,female,156.8,52.7,32.2,light,68,5436,1774
62,male,171.5,74.6,17.6,light,77,7709,2295
45,male,173.6,84.3,20.2,light,72,6249,2650
56,male,166.1,80.7,12.0,moderate,71,9535,2728
19,male,177.8,71.5,17.1,light,60,2060,2559
19,male,162.5,54.8,23.5,sedentary,74,1834,1953
58,male,171.9,79.6,22.9,moderate,71,7166,2497
22,male,180.3,66.6,14.0,very,66,11203,3029
25,male,177.1,71.1,15.3,very,60,12285,3413
42,male,179.1,83.7,13.1,very,65,12388,3514
47,female,159.9,74.2,29.7,moderate,66,9571,2399
28,male,183.2,77.5,11.0,moderate,56,7630,3035
39,female,159.1,62.1,28.0,very,59,13728,2673
50,female,171.9,45.0,31.9,sedentary,65,5171,1579
39,male,181.5,80.9,14.1,light,61,5364,2542
36,female,162.9,46.2,24.3,light,58,4805,1806
21,male,171.9,92.8,16.9,athlete,72,12944,3968
39,male,165.6,71.5,23.3,very,68,12213,3082
56,male,177.9,75.1,14.9,very,65,10685,3080
48,male,178.8,90.7,15.1,light,67,2885,2461
60,male,182.6,76.9,13.8,athlete,69,10629,3314
24,male,168.4,64.7,12.3,sedentary,51,4224,2252
18,female,162.7,53.5,12.4,sedentary,69,4538,1608
44,male,178.2,65.1,17.3,moderate,58,12199,2805
26,female,169.9,48.6,20.8,moderate,61,9452,2289
46,female,158.4,46.7,36.3,very,59,9522,2119
61,female,160.3,63.8,26.5,light,83,5211,1838
34,male,162.0,75.7,9.8,light,68,3315,2339
44,female,154.9,67.7,23.4,light,73,3246,1749
50,female,158.9,58.5,20.7,sedentary,68,3306,1553
25,female,161.7,83.9,23.2,very,68,13347,3042
61,male,166.5,103.8,19.6,light,70,9525,2905
27,female,165.2,67.3,20.5,sedentary,69,2900,1822
56,female,156.5,67.0,26.6,light,66,3555,1696
49,male,187.5,74.0,20.6,moderate,59,8756,2888
24,male,171.5,73.7,13.7,very,82,11293,3170
52,male,171.7,72.5,15.1,light,56,5115,2301
27,female,162.2,72.4,26.9,sedentary,65,3412,1809
46,male,172.4,76.1,16.4,very,62,8963,2969
64,male,180.1,73.1,15.6,moderate,62,9261,2583
63,female,156.0,64.2,28.3,light,66,7172,2028
59,male,173.8,63.6,21.9,sedentary,58,4703,1869
41,male,163.4,71.1,24.4,athlete,74,15931,3345
44,female,163.2,65.2,41.1,moderate,82,11086,2273
32,female,157.3,70.8,43.6,light,81,5200,2088
62,female,164.5,52.5,14.5,sedentary,90,2634,1314
40,female,159.2,64.9,11.8,sedentary,79,4617,1568
55,male,169.8,89.6,12.6,light,69,3531,2423
35,female,166.2,68.9,28.0,sedentary,81,2516,1741
53,female,168.7,46.2,24.5,light,64,8031,1699
28,male,181.9,61.6,19.2,sedentary,56,2746,1935
53,male,156.6,88.3,18.0,light,70,5485,2328
20,male,169.2,62.9,19.1,light,69,5522,2306
23,male,176.1,82.7,10.4,light,66,6210,2625
34,male,174.3,79.4,21.3,very,61,14715,3433
41,male,177.8,82.5,18.0,light,63,7663,2840
52,female,173.4,58.3,22.1,very,76,12028,2642
35,male,172.9,66.8,16.1,very,51,14730,3359
18,female,165.4,48.1,28.4,athlete,76,16025,2825
33,female,167.3,66.2,23.8,sedentary,82,4030,1946
39,female,166.6,70.6,31.7,light,80,4148,2060
44,female,159.5,69.4,19.5,moderate,73,12477,2504
48,male,174.6,85.8,13.1,sedentary,56,3264,2200
29,female,160.4,64.9,26.8,sedentary,85,-297,1571
47,male,185.9,83.6,12.2,sedentary,66,4991,2343
48,female,164.1,54.3,19.8,moderate,78,9010,2128
55,male,181.7,78.2,15.6,very,50,11011,2996
43,male,183.6,89.9,17.1,light,69,4909,2661
56,female,162.9,56.5,21.2,very,61,13098,2451
28,male,173.5,97.0,24.7,moderate,50,7223,3220
52,female,150.7,63.8,10.7,sedentary,67,2307,1507
20,male,173.2,77.9,11.9,light,58,5004,2504
22,male,181.0,86.1,24.3,sedentary,61,2649,2369
59,female,177.2,63.7,30.9,very,89,10711,2535
40,female,159.7,50.8,19.2,moderate,73,10705,2075
47,male,167.1,72.8,22.2,moderate,79,9542,2609
46,male,168.2,102.8,20.4,moderate,67,9786,3260
51,male,190.0,103.5,8.0,light,50,7099,2959
29,female,163.2,60.5,36.0,very,69,11767,2653
26,female,157.1,63.1,24.4,very,56,9449,2769
20,male,185.0,92.3,16.4,moderate,56,12610,3501
59,male,177.0,63.8,17.5,light,67,7669,2349
28,male,179.0,62.3,9.9,sedentary,72,4935,2103
45,male,174.0,93.1,19.0,sedentary,59,4241,2250
39,female,161.8,65.7,23.3,sedentary,61,2447,1543
25,female,153.4,70.6,21.8,moderate,65,4304,2291
37,male,165.3,78.1,18.8,moderate,59,6541,2463
21,female,160.3,62.5,26.1,very,63,13591,2782
26,male,177.1,75.7,13.9,sedentary,60,2877,2204
24,male,188.0,69.0,25.3,light,59,5244,2541
57,male,175.6,89.0,22.7,sedentary,69,5,2040
45,male,158.7,89.9,15.9,athlete,68,14960,3499
62,male,174.3,84.9,12.5,moderate,66,6836,2876
38,female,170.7,63.1,23.2,light,80,4696,1959
27,female,165.4,54.8,21.7,moderate,86,10700,2216
47,male,169.3,85.1,14.3,moderate,56,6941,2865
62,female,168.1,68.5,18.2,light,74,4319,1879
43,female,168.4,61.8,27.7,sedentary,76,3222,1615
18,female,165.9,59.4,27.2,light,74,7570,2077
32,female,153.3,70.6,23.4,light,70,5275,2005
62,male,175.6,73.3,14.6,moderate,73,11934,2858
42,female,160.4,61.5,25.6,light,60,3698,1872
63,female,166.7,48.5,28.0,moderate,77,6091,1807
42,female,161.9,69.6,17.0,moderate,69,5921,2334
18,male,172.1,75.2,18.6,moderate,76,5695,2875
59,male,177.8,90.3,19.0,athlete,56,16009,3797
54,male,166.5,64.8,9.5,light,57,4239,2100
52,male,180.0,65.5,20.0,moderate,73,6179,2608
64,male,166.7,65.7,18.8,sedentary,65,3455,1720
27,male,186.5,73.7,22.5,moderate,59,10647,2953
61,female,158.4,71.4,25.4,moderate,57,11101,2342
29,male,167.4,77.4,17.0,light,61,7575,2688
64,female,160.3,45.2,29.9,sedentary,73,1898,1200
27,male,186.6,68.6,16.5,moderate,58,9552,2974
44,female,164.8,69.1,26.7,moderate,67,9993,2332
55,male,178.9,77.3,16.4,moderate,66,8050,2843
21,female,163.1,57.1,22.3,light,67,6296,2035
21,male,167.8,75.7,16.1,moderate,62,6496,3171
58,male,171.6,77.7,26.2,moderate,62,7744,2627
20,male,166.5,71.2,28.1,light,76,6669,2634
47,female,154.3,73.3,25.3,moderate,60,12015,2541
63,male,177.8,86.5,25.7,moderate,66,11302,2976
47,female,159.0,54.6,33.0,very,67,13652,2386
41,female,158.1,45.0,26.2,light,87,6143,1668
38,male,165.9,68.2,16.4,light,56,5864,2287
48,male,177.1,87.1,18.2,athlete,65,10657,3744
45,male,171.6,71.0,17.0,very,60,9911,2906
42,male,184.8,88.2,9.8,light,77,4554,2640
25,male,177.3,78.7,23.8,very,52,13436,3437
49,male,183.7,96.3,28.8,sedentary,55,4133,2196
53,female,166.7,69.7,26.2,very,75,13841,2766
52,male,175.4,60.3,23.4,sedentary,69,4419,1972
21,male,168.1,70.6,19.1,light,50,6130,2399
51,female,173.8,79.3,8.0,athlete,75,12051,3246
53,female,167.4,54.5,30.2,sedentary,73,2940,1329
26,male,169.9,85.5,28.5,very,75,10187,3398
58,male,166.5,77.9,16.2,light,80,7184,2314
43,male,165.1,72.2,15.7,sedentary,61,2569,1939
40,female,174.0,58.7,28.8,athlete,74,14704,2946
52,female,169.1,65.8,20.9,moderate,69,10387,2309
42,male,179.4,97.8,13.8,very,70,10147,3533
44,male,163.8,69.2,16.7,very,77,14409,3010
32,male,165.4,62.1,15.5,sedentary,75,1382,1978
62,female,172.0,64.6,24.1,light,73,6551,1858
64,male,170.5,75.4,23.5,light,58,5836,2470
24,male,177.2,102.5,14.0,moderate,65,10654,3383
53,male,179.5,71.7,23.4,sedentary,76,1350,1959
19,male,179.6,88.2,18.5,light,61,3244,2787
35,female,161.0,75.8,29.3,very,67,13875,2850
64,male,173.4,71.7,19.6,sedentary,62,2530,1997
26,male,163.7,69.1,17.5,moderate,62,8818,2782
36,female,160.6,50.5,26.0,light,72,4812,1729
28,female,162.3,64.4,24.8,sedentary,83,4095,1889
52,male,167.7,61.1,9.0,sedentary,69,3359,1684
40,male,167.7,64.5,16.8,sedentary,79,3288,1839
46,female,170.2,62.6,25.6,moderate,65,6660,2268
63,male,184.5,85.1,10.0,sedentary,70,3601,2221
43,female,163.2,58.0,30.9,very,87,9519,2430
53,female,165.4,67.5,25.3,very,54,10353,2511
22,female,161.1,69.4,40.5,sedentary,83,1361,1732
28,male,159.3,64.8,19.2,very,56,11608,3065
63,female,163.9,55.2,21.4,athlete,64,18193,2661
59,female,162.3,48.5,19.3,sedentary,74,3272,1264
49,male,170.4,79.4,17.6,athlete,60,13674,3394
36,female,164.7,59.9,29.8,light,74,6196,2108
27,female,160.2,83.4,21.7,moderate,61,9207,2590
58,female,160.5,83.8,19.8,sedentary,71,3079,1789
55,male,172.8,91.4,13.5,very,63,12443,3482
29,male,167.3,68.0,19.3,very,68,9400,3072
46,female,154.8,70.7,33.5,athlete,66,15319,2822
47,male,175.1,73.8,17.2,athlete,67,9734,3234
40,female,156.3,72.6,28.1,sedentary,57,3690,1907
62,female,161.4,61.5,26.8,moderate,62,6794,1886
23,female,167.4,77.8,21.3,light,66,8119,2317
30,male,165.0,54.5,15.9,sedentary,77,65,1757
22,female,163.0,66.3,17.9,sedentary,73,5009,1821
51,male,167.6,71.5,21.4,very,64,7901,2904
48,female,157.8,71.4,29.6,moderate,69,6600,2066
65,male,177.5,88.8,15.2,sedentary,74,3358,2092
44,male,182.7,69.3,15.3,athlete,70,16856,3650
25,female,152.5,67.4,24.2,very,63,11291,2719
39,female,155.0,66.8,34.3,light,73,7606,1932
22,female,155.3,64.5,30.4,light,68,4566,1884
50,male,178.3,82.1,22.4,moderate,55,8200,2888
50,female,163.5,63.0,33.7,moderate,64,8395,2044
59,female,165.7,50.4,24.2,light,79,5030,1770
34,female,151.0,70.7,27.3,moderate,82,5131,2215
32,female,153.1,56.9,29.6,sedentary,78,2970,1465
21,male,169.1,86.9,27.4,moderate,68,8769,2989
37,male,179.9,80.4,17.5,light,79,7940,2579
40,female,169.3,67.8,17.2,light,95,3685,1846
54,female,151.1,64.0,24.4,light,61,4849,1781
54,male,184.2,85.2,25.7,moderate,70,11406,2956
24,male,161.2,78.5,18.0,light,58,6527,2543
31,female,168.3,76.7,25.9,light,69,6988,2330
42,female,181.2,60.5,24.4,sedentary,71,3544,1843
34,male,169.9,60.9,13.9,athlete,68,16373,3377
19,female,166.2,75.4,37.1,light,73,9277,2504
58,female,151.2,73.0,27.7,light,72,6164,2005
53,male,172.1,81.8,17.1,sedentary,52,1786,2040
42,male,175.2,73.3,20.8,moderate,78,10277,2855
